name,category,icon,downloads,updateDate,description
Plants vs. Zombies™ 2,https://play.google.com/store/apps/details?id=com.ea.game.pvz2_na,https://lh3.ggpht.com/cBhSTQEkPyocdQT9RFPhswKjfiT5dgnP2XoimARaqajs58avgHIPJ5HRMXpNhx5naSJa=h310
Fanatical Football,https://play.google.com/store/apps/details?id=com.wordsmobile.nfl,https://lh4.ggpht.com/MONYBCbYjIalI5nyrsZdmUFsOWB6EwCOVkmGhPjPjpEHu2xRQTp34qa3soRwofXKFxAy=h310
Lines Classic,https://play.google.com/store/apps/details?id=com.gameforfun.linesclassic,https://lh3.ggpht.com/gjeHdDdKcn9hav-HUSXMHrd5ABt8XSmi4vnXMycrKtKOnB6zMhuISguIulPwyqjZUzA=h310
Westbound,https://play.google.com/store/apps/details?id=com.kiwi.westbound,https://lh5.ggpht.com/IFuzVadt0GxLpO0D1BcqOeANFdk39-yHe8CtvkiCZNSWd-jdizQFAu2oXj12dS8X92dd=h310
Pet Monster Gem:Puzzle Shooter,https://play.google.com/store/apps/details?id=com.happymage.google.monstergemisland,https://lh6.ggpht.com/ZE8-9_Z3ZNmsW9RB1z4-kZ8JxbuMR-yf5ww3OWomdzUByat0qsZsBBdONFXWlPenKco=h310
Where's My Water? 2,https://play.google.com/store/apps/details?id=com.disney.wheresmywater2_goo,https://lh6.ggpht.com/S8cX9XWP2zxxJ46Nl--hBOpo_Sf6DGflqtczY5YdVf443Tw2NqgDHepIeaSwWiIKoUtp=h310
Hard Time (Prison Sim),https://play.google.com/store/apps/details?id=air.HardTime,https://lh6.ggpht.com/I0UGu-av9nwnwEiZg1gH1zoLdczdXe18NAM8Z_f09IvBmcuTM7lPqwtg15B2B4MxwxA=h310
Hotel Transylvania Dash,https://play.google.com/store/apps/details?id=com.playfirst.playground.hoteltransylvaniadash,https://lh5.ggpht.com/Bl2rSRkeak5zcXc-5XHh6WdbW9nRfgvqsnFMAH2G9tL-aJp7WCWZyBlsX4RDRNRu2YM=h310
Ultraman Galaxy,https://play.google.com/store/apps/details?id=com.animoca.google.ultramanG,https://lh5.ggpht.com/UN8VtsSVddK3aJKL1Gn-oFEZf52ENlB0eJrYjmqLwQqxL-YvvQtkR4iDLbe0kVBakpA=h310
Dragon Realms,https://play.google.com/store/apps/details?id=jp.gree.dragonrealms,https://lh4.ggpht.com/kMVD9UyupDKbS5wnfog2a-fGlMEL5orvmLTdC48So5-k-6UT6cbiH30TV-71pLUiL_w=h310
Thor: Champions of Asgard,https://play.google.com/store/apps/details?id=com.animoca.google.thorextreme,https://lh6.ggpht.com/EI_fpeEPyXHLWOjPPVk-cBThAr6iS9G9l7P72WMswm-YQEJUBx_AKoUcXeY1rGfvkJQ=h310
Hello Kitty Cafe Seasons,https://play.google.com/store/apps/details?id=com.sd.google.hkcafehalloween,https://lh5.ggpht.com/DK30hOPv6QKKEGWtz2V3xT_ZJQXpviaAsiJWhoRTL6HUpXu-Tzo135g3QNcCbPr1yvU=h310
Slots™: Haunted Halloween,https://play.google.com/store/apps/details?id=com.sharkparty.slots7,https://lh5.ggpht.com/4gOpfiXZBXgxdmlYQfFN3yB6llsp6T5HxSn_ueVvr5KZ4guj2bsrcT7H-qU0kRAdJPQ=h310
Jelly Splash,https://play.google.com/store/apps/details?id=com.wooga.jelly_splash,https://lh6.ggpht.com/s_vGOB-KFKCvT6BwWsSbbWGXGTP46lU1lr8o_Q5Ofq_CPPPeKuWsHlMcoL_erG2BR9os=h310
DEAD TRIGGER 2,https://play.google.com/store/apps/details?id=com.madfingergames.deadtrigger2,https://lh6.ggpht.com/W6HorWGIHjGekpgRbMidIZqrIY0v8YatoQSaTzd5W7s0jJyg4GzJPny169Mbd-OBmg=h310
Grand Theft Auto: iFruit,https://play.google.com/store/apps/details?id=com.rockstargames.ifruit,https://lh5.ggpht.com/zguUQBiJMpzucCORxDtlpWB6yhqc3dpmjqShHWMwmFeavcjSxkVwoA5CLWH786ZFzg=h310
Mechs vs Aliens,https://play.google.com/store/apps/details?id=com.tov.google.MechsVsAliens,https://lh5.ggpht.com/wJRuHJhz1VYqc470QM7wiJ-COZBGA6l0hq9JEE9ILZsXryo2O5KCTaLCqKca4qul2o47=h310
Kids Hair Salon - kids games,https://play.google.com/store/apps/details?id=com.g6677.android.chairsalon,https://lh5.ggpht.com/Aof7gdW2mOY63Ou26hEtDcq5FdqQ0eqU5wTV-3gzsPdkScigTF8iG77eJeo-O9Ks8iA=h310
Halloween SPA - kids games,https://play.google.com/store/apps/details?id=com.g6677.android.hspa,https://lh4.ggpht.com/nM0CyHZf3Udo2YdNlM4vE49uk3k9CuaaRq-j8VTq1dx-IZKOmRXHFqiZ3_BQpcn9m9eZ=h310
Celebrity SPA - girls games,https://play.google.com/store/apps/details?id=com.g6677.android.cspa,https://lh4.ggpht.com/XohGljQs8RfXdZ-prV3VtEk4wf6ERX6T_fpV2dSCa1Wz3tqLhCn9-NDprHO0_GnsbDxc=h310
Pet Shop Story: Halloween,https://play.google.com/store/apps/details?id=com.teamlava.petshop7,https://lh3.ggpht.com/3927diKIwH8k5iBl8cfJOtlgFiRJ4pKgdwmK_WpQ5uhJVujrK-V5Yjpo2Lt6gayjYCA=h310
Baby Pet Vet Doctor,https://play.google.com/store/apps/details?id=com.g6677.android.lpetvet,https://lh6.ggpht.com/WcmrM9C6m9O34L-SM8W-3AfozbRxeKeF_75kWe0QqfR9ifR_lyukdYDiiX98oAl2mwM=h310
Car Wash & Design,https://play.google.com/store/apps/details?id=com.g6677.android.carwash,https://lh6.ggpht.com/MvapuLUtn2Kb1Ls680ZQQv0yiX_scbEQOt8HMPTY7_-TwzaJa_1YQa7unIfCCEURB00=h310
Disney's Ghosts of Mistwood,https://play.google.com/store/apps/details?id=air.com.disney.ghostsofmistwood.goo,https://lh6.ggpht.com/GkvCjNV6sJC0em6d-pR3_mn1D334j5TkwFoWI1tFIYQOLRs6hO85GdcQ04aMZBFXm9Y=h310
Tiny Hero,https://play.google.com/store/apps/details?id=com.autofun.hero,https://lh5.ggpht.com/n7z-Tv154b4fE546RnEw0vSRBcX5naiIQtc8Erz14TyaugD4OufBDa9mSh1tYGcmrgbr=h310
Real Steel World Robot Boxing,https://play.google.com/store/apps/details?id=com.jumpgames.rswrb,https://lh6.ggpht.com/oRI3dJ8X-aj_OYCZwIwjHAHoFQhUx8lt0AqE-0DV7somAfbvyq5GLxbGeAB-p0yNS04=h310
Bubble Shooter Paradise,https://play.google.com/store/apps/details?id=com.sibforce.bubbleshooter,https://lh3.ggpht.com/bIjwk0ypXNGb_hiryPXE4CjQr_AUOEN4xLqSsRPWsJuF0ryoZYvt3iuTuKeru3JgwIBm=h310
Archery Tournament,https://play.google.com/store/apps/details?id=com.fatbatstudio.archery,https://lh5.ggpht.com/Xr-9o7Jg8Sf3M92wJZiGCCPoQyGIFVkhc20ZpPOKfSg62Zg5lmICPYSWhdEwwwYz0OSf=h310
Baby Dream House,https://play.google.com/store/apps/details?id=com.tabtale.babyhouse,https://lh6.ggpht.com/wbuAlsu9D7wJAQ-gccP98ANjVzydBWnmx1xtqzOhMfxepFMg7x0hVrt7-lJLgN7B_7uT=h310
Zombie Hunter,https://play.google.com/store/apps/details?id=com.bgames.android.zmobieh,https://lh6.ggpht.com/_dxQ4-3h8X81zoOa7gShl9mj_mZFX5kktztrx7vrabf0TfAfeFl_J9I2mSbhqD9tCQ=h310
War of Clans - Rage of Dragons,https://play.google.com/store/apps/details?id=com.zentertain.woc,https://lh6.ggpht.com/rfvI3Vjc3N4t-XxhPBJjoE8oOeDApsF3cgy8kFCDnIYaQk-E6cJ1NHldsU-BIDMrCWA=h310
Sudoku Master,https://play.google.com/store/apps/details?id=com.sibforce.sudoku,https://lh3.ggpht.com/eFdpUxN3ZSMxhO_Bv0MVXw0KY7VQovs2TALEMnsOPXrjiIH4c6ylw2qOF7EzpLR4Cg=h310
Ice Smoothies Maker,https://play.google.com/store/apps/details?id=com.degoo.android.icesmoothies,https://lh6.ggpht.com/kvjTf8JrcQE4pxoFV-bkbAxq03i3NVHq0EvQMHeJaOmXN6usA_cvmUw-_vKqG0ccgw=h310
Thor: TDW - The Official Game,https://play.google.com/store/apps/details?id=com.gameloft.android.ANMP.GloftTRHM,https://lh4.ggpht.com/yaEXSt9l0tPhb8uujeUFul0C_s1Kun_oVlWcBIiz2yMj0LzLR3gp--Pz3xNYQQ-nB-4=h310
The Blockheads,https://play.google.com/store/apps/details?id=com.noodlecake.blockheads,https://lh6.ggpht.com/pSukciYUzuQSAdBk7N4k6pPEPPfnE78xsru12Zd7BXxjeUNJBHOxCeo5cR49rUaMDRo=h310
One Clue,https://play.google.com/store/apps/details?id=com.bonfiremedia.one.letter.one.word,https://lh4.ggpht.com/GY6zOkeEHg-5A1h6hUaX6YKDv-esz58ZoyLyfF7cZF_Xl-Yvw-eggj8rHKgdCZtCNmY=h310
Halloween Costume Party,https://play.google.com/store/apps/details?id=com.tabtale.costumeparty,https://lh4.ggpht.com/UE1ZXDvj93ygGSmLLuwac04A7nb-JUwIOHyEfoaZRSqNBt1mi3soPpENiArSF_VsK7No=h310
Hidden Object: Happy Halloween,https://play.google.com/store/apps/details?id=air.com.differencegames.hohappyhalloweenfree,https://lh4.ggpht.com/BnYx6VVF65stsyLjckfl1Mow-a3x2kMWru8igqrPGCK5btLxPreqbovt0yLomiBzclJh=h310
Sniper - Shooting games,https://play.google.com/store/apps/details?id=com.bgames.android.sniperar,https://lh5.ggpht.com/jNpeOQozPd59oH78mha0pT6juE1pzJUscTKeeH_pv0PmSymiaImYyE5OWwjfShWeYxdx=h310
Electro Girl (Card Battle),https://play.google.com/store/apps/details?id=com.ggee.vividruntime.gg_1655,https://lh5.ggpht.com/dNHDvzk_e0jPjiu41sADyLUbqifffw7Ptx1wcW19YMh2bBjFKA_hQmc_Jveubt2jWEk=h310
F18 3D Fighter jet simulator,https://play.google.com/store/apps/details?id=com.trimanstudio.JetFlightSimulator3d,https://lh3.ggpht.com/FK1nWHYLRhqewrwCu1Epp4Nv4dSckJwVupj8HZaFl0mGSZuyd2VPmXSuEIEieRKmiK8=h310
Halloween Salon,https://play.google.com/store/apps/details?id=com.libiitech.halloweensalon,https://lh5.ggpht.com/TtB7G2GM4Fpr2aMR2zZLS_TuWWmPs4ExXLnSDSSvQ0Mg9NcYfPsAqaDUh2DBI_1U6lQY=h310
Dental Braces - Oral Surgery,https://play.google.com/store/apps/details?id=com.lbcs.virtualbraces,https://lh3.ggpht.com/QOJLsgKN3I15AJz_3Qnr_8KiHa2Em6gPsRiZ5qQypk-8r_66n_invcslxaydoQYAiA=h310
NIGHTBIRD TRIGGER X,https://play.google.com/store/apps/details?id=jp.colopl.sukimax,https://lh5.ggpht.com/a9REV-G8sG8I_ZFZYKC0vi1y_FDQn-dQLQvPC5iMYGkljahEYb5eZfZnkesnNLlvHw=h310
Star Girl: Halloween,https://play.google.com/store/apps/details?id=com.animoca.google.starGirlHalloween,https://lh3.ggpht.com/qqdP1QlXQyTaTYCDGEhERX2ANTAbN8lEbD5NaVCgij2JKdOP1iks1UfO38UvqAr7Gyo6=h310
Block Gun 3D - Minecraft Style,https://play.google.com/store/apps/details?id=com.wizardgamesinc.blockgun3d,https://lh6.ggpht.com/DlLg95KMA9yRrRLyNbKk3VFRoPvWSmGM5YJ9_GCBMmSkJAO_eoP-otboBOQkodVS25g=h310
Jewels Bird Rescue,https://play.google.com/store/apps/details?id=com.ezjoynetwork.jewelsbirdrescue,https://lh4.ggpht.com/MEZXYYPCU7ReMFCnPfJodoJpYQMk9FSTupVhkoumuhNpMH_2blM4j9sIDEnS9D_6WIo=h310
Neon Climb Race,https://play.google.com/store/apps/details?id=com.motomex.neonclimbrace,https://lh5.ggpht.com/k24A3pCEliBrRuJJOMiG427znxrZeybFtoUU5tI4NRJwrhmdMgWn1PXVxH36A3bZ-13x=h310
Temple FUN,https://play.google.com/store/apps/details?id=com.gamesonwheels.templefun,https://lh6.ggpht.com/cr5V-p3AGa-kc4yTZHKYCKrnTe7tGCecTyOHapbthtP-6DnuLhzNv9EZdxzK7s1SaQ=h310
GANG LORDS,https://play.google.com/store/apps/details?id=com.glu.btg2,https://lh4.ggpht.com/kOGtXx-8Q_CwfUDaQkxUmvdqdntJ5IxUrEu8PQ_E_GXyt3gOOhUpKAydyBhdF8d25LA=h310
Libii Hospital,https://play.google.com/store/apps/details?id=com.libiitech.libiihospital,https://lh5.ggpht.com/cWGKWm-ILPhqlMP5jcKyaD8SXXBjno9pMMD_JaQXnmufFy415BWlBiK8Ch7xJaB4Mfg=h310
Moe Girl Cafe,https://play.google.com/store/apps/details?id=com.catstudio.restaurant,https://lh5.ggpht.com/9rR4xAYF_na-g3p9uMlZ3PVCBL-ySW09XymQi5weuZpIQPCRWTHmhLhIjRGyiKvr64l8=h310
Escape The Titanic,https://play.google.com/store/apps/details?id=com.freshgames.escapethetitanic,https://lh3.ggpht.com/R6DOgfzpq1mQjOlYplLDX1rz4wj82wLV2Kg0hmaFj1bNjHvWM41-9ayDoyd71bjBKT4=h310
Wedding Salon,https://play.google.com/store/apps/details?id=com.tabtale.weddingdressup,https://lh3.ggpht.com/q55br8U57FaT5dhpupvXDAx3K7gDgqZEP7nQ7meIWaaeYATyuuMmjrPW96UZjaKvckTd=h310
Crazy Parking Truck King 3D,https://play.google.com/store/apps/details?id=com.chi.TruckKing,https://lh4.ggpht.com/5btwmsyVWxr8XEXTbD53eJ2tQ8jEAfWkg-8jfQ0_R8FpxQCqUzYeDjZf0C6rtNsI-JY=h310
Bubble Guppies Games For Kids,https://play.google.com/store/apps/details?id=bubble.guppies.kids.memory.games,https://lh3.ggpht.com/cUhSOSnsapfHwtow-bonNA_YOCfss5sfxmXS2ktdvfvD4YjD8f6TtaDmxNvhbqLCmO4=h310
Slots - Journey of Magic,https://play.google.com/store/apps/details?id=com.gamelion.slots,https://lh3.ggpht.com/aYkR1zy09daKzjn1pru5otJRyO5qGxYiUYM-tFU6evOceI7OgiGsvy3M9fUI4wSZgV4=h310
Mahjong 2 Classroom,https://play.google.com/store/apps/details?id=com.magmamobile.game.Mahjong2.ClassRoom,https://lh6.ggpht.com/36JgxnqgfqvEZyZsw9D3kJ7RbetcfWZuZXMz0RPKpompRnX_Nhgzq0wHzAD8s6f1jQ=h310
Monster Salon,https://play.google.com/store/apps/details?id=com.libiitech.monstersalon,https://lh6.ggpht.com/BwcTCuG_M1btYdNY-27-gYuRWhnPq8Ns7dnTnpF41XcnqwhmPoAZovhlVem2uSTz3bc=h310
Scary Tribes,https://play.google.com/store/apps/details?id=com.xyrality.scarytribes.googleplay,https://lh6.ggpht.com/Cc-cQ1LVABWI5oO14CWJL2P-Cv8XDZMCsAujgrDUDVpbZxSvDcEUfIvlmRubg4d25Q=h310
Stack Rabbit,https://play.google.com/store/apps/details?id=com.disney.stackrabbit_goo,https://lh4.ggpht.com/UvYNGzhofNI8YT3wjcSCjGCCCVPoKNPBug4L9qgiQAjqi1JnHoGS0NAqSW7ZmGiCT68=h310
Block Gun 3D: Haunted Hollow,https://play.google.com/store/apps/details?id=com.wizardgames.bg3dhh,https://lh6.ggpht.com/E9v38JAfsIbsTuoz9kTJnNQoyidevcsYY8X4gmAqBE6BK_4UUTBKHZX4Sc4vFYfjf7s=h310
Dead Effect,https://play.google.com/store/apps/details?id=com.bulkypix.deadeffect,https://lh6.ggpht.com/i5tlmeFdGAj6oDoxsN-NCVFwD387PjyXpJ7ZrqQIQ6BLp_7buLIuIXVL91Txkdg5U-Q=h310
Polara Full Free,https://play.google.com/store/apps/details?id=com.mangopub.polara,https://lh6.ggpht.com/AgDao-K_xPP_7kst5yUqOGbQ8MKkhmfy4k0iI9IYFdkBDKpl9YkBvl2ONmrhujQcTg=h310
Battle Nations,https://play.google.com/store/apps/details?id=com.z2.battlenations.google,https://lh3.ggpht.com/LdXLyMc9ra3Ko-eUBOq1EJl_SFJjA8j4VvIljxhUrrat4oh_Kc6_x-2JTMwS6JYv4CE=h310
Weaphones WW2: Gun Sim Free,https://play.google.com/store/apps/details?id=air.com.oranginalplan.weaphonesww2free,https://lh5.ggpht.com/0ewmYEdMdk2Yj9Lz8Gc5uHL7JZSAwTYjLllePio5DJGze0n4FBb23CAnxZbKZXW4nnE=h310
Hill Racing: Extreme Climbing,https://play.google.com/store/apps/details?id=com.hill.racing.extreme,https://lh5.ggpht.com/i_-n7HXZMdugfgG9bLaYZrMWmiWDCTJ_tLO7Z5G9WPOXHchqKMzqLEk5bKBh4462IRw=h310
Brick Breaker,https://play.google.com/store/apps/details?id=com.ezjoynetwork.brickbreaker,https://lh6.ggpht.com/NfFlkcT9l92usPkbjqVR-d8ZjSodMlHvjZClqK3wWoBBznrtbLtL3eb1zuEfcUBsfw=h310
Fun Monster Truck Race 2,https://play.google.com/store/apps/details?id=com.lmcm.funmostertruck,https://lh6.ggpht.com/3RTjiNaIIOsJOI5-6kEZSisujAZN2MGx9thfAYfH6PLrdLcd6T5f0C4OZZgKO1yWoLIi=h310
Despicable Me! Color & Draw,https://play.google.com/store/apps/details?id=com.game.thought.color.draw,https://lh5.ggpht.com/reTarZgbL5xIPDRbncJzCH11Yn07FMof_ZuunqP1KFsrCV2NHc8PphC_zaMKxCpklpww=h310
Lep's World 3,https://play.google.com/store/apps/details?id=at.ner.lepsWorld3Plus,https://lh6.ggpht.com/vMrstNQ-H739kHTD6sz7jdleTB0ZGeAe7URK1hn9-sUTiDYrhAgrXUw1N3nPA3Du6g=h310
Angry Heroes Halloween Edition,https://play.google.com/store/apps/details?id=com.angryheroesgame.halloween,https://lh3.ggpht.com/Ln4W2YfRuAaMivJHXes6hijq4W0m0TIVsqW8fbovwswStnKE4CtB83_RpDSCX673p1s=h310
Princess Hair Salon,https://play.google.com/store/apps/details?id=com.nuttyapps.princess.hair.salon,https://lh5.ggpht.com/lwQuyE5_C3iRFdV9QseVjHP80j5AXcNjyCQexXQqgwBCjaXhtkhmH5x-x4DsmngM-w=h310
The Mansion: A Puzzle of Rooms,https://play.google.com/store/apps/details?id=com.com2us.rooms.normal.freefull.google.global.android.common,https://lh3.ggpht.com/5dnXsyPUdITWcCHjQDMZ-JlsyR2JMvLPOkQ4fZ-LserOdhVeqbKhF0oQw35YaJnZ1A=h310
IQ Test Saga,https://play.google.com/store/apps/details?id=imaginestudios.games.iqtest,https://lh5.ggpht.com/2nPYToOrHIG8E4kBKKaoN7-0VjTikcU8fPYicFGwOeAN3IklHz7ZXnSiBuwxZahEhdBv=h310
Frootrees Halloween Full Free,https://play.google.com/store/apps/details?id=com.jakyl.frootreeshemango,https://lh5.ggpht.com/_gMqQvnmxLMKFz3reoc9dxuUvkquGmNJoJ-vot39XCP77Ozk5rbyUGTXhYaVv4uDgYS-=h310
Steve's Stunt Bike Lite,https://play.google.com/store/apps/details?id=com.daringookim.StevesStuntBikeLite,https://lh5.ggpht.com/2rq9IghehuzDoO8k7d8xLe7qXeZrb8GYY6cQCyH9bSzRendEoYG2g5t96k1HVjRSFQ=h310
Hidden Object Halloween Deluxe,https://play.google.com/store/apps/details?id=air.com.differencegames.hodhappyhalloweenfree,https://lh6.ggpht.com/pS2XizVFabn7Bs_uwnSH9dVdaJNN_8dhOVLqhgjsBMAheZNaMbZv_TroeYHfTFGM9A=h310
Fields of Battle,https://play.google.com/store/apps/details?id=com.superxstudios.fob,https://lh3.ggpht.com/J64NoAArHRXD-oF6kEqOapyNwx3BPf4nFFJXI77wp8AVN6LnpLQP5Lb2cn2ZMiKtuag=h310
Texas Poker Mania,https://play.google.com/store/apps/details?id=com.hillsmobile.pokermania,https://lh3.ggpht.com/sHt1cbcMfGafH1YHKKTdyVhqRt8PyX107X8DAeY2N4X3-_oJOTBlxumV_beHcubFSyW-=h310
Dragon Story: Halloween,https://play.google.com/store/apps/details?id=com.teamlava.dragon7,https://lh5.ggpht.com/cr25Amb25n07kHM_gjFgrWLaHIR5jpa8-mS2pYYd5G5XAquT_ME221RuIXe-_cLLhQ=h310
Land of the Dead,https://play.google.com/store/apps/details?id=com.amphibius.landofthedead,https://lh3.ggpht.com/MU0iwoSzIEcnO09GBJDq3ZyYciTZLVCTsDLUo3ew5p-mBiU3fdtCmjqscdWo45nmcmqK=h310
Parking Madness,https://play.google.com/store/apps/details?id=net.mobilecraft.parkingmadness,https://lh5.ggpht.com/iU8aPnSHNEgO9GiIxiKumjReHof7-z-nAKsOBPWfhB9QWDUxcSScVL62kxamsPSHdQ=h310
Gun Club 3: Virtual Weapon Sim,https://play.google.com/store/apps/details?id=com.nextgenreality.gunclub3,https://lh6.ggpht.com/49S26JjW7v9ZCRTObcAH1YqujyQFi_1NFM8W4m0-sKLMbqA8TWsN4q8NY1hU8IvOIjCC=h310
Bubble Shooter Mania,https://play.google.com/store/apps/details?id=com.shooter.buuble.lilydroid,https://lh5.ggpht.com/KW-yHFP1rDkDXpmWz7zqXak1QZN7CFN9_aiV9klkctuXsrv6PeuIiXJMdxJSlEjSNNw=h310
Slots Jackpot - Best casino,https://play.google.com/store/apps/details?id=com.zentertain.slotsjackpot,https://lh5.ggpht.com/t1Tcy3mjXmPTQEvjcmc5Jy3oVs7H3ORax8pusvACLpgyAHvahvwMMeA8yPzMRkTLiaHj=h310
Pocket Mine,https://play.google.com/store/apps/details?id=ca.roofdog.pocketmine,https://lh6.ggpht.com/E9wtFYmBqKLCUKxb3-SlDmoD8w3ZyBaTM5KQXWvwovpgEz-IwnUVtYh-w835GV12Vic=h310
Dice & Friends,https://play.google.com/store/apps/details?id=com.blackzen.DiceMania,https://lh3.ggpht.com/ZE11UORvNWbHWMsi-zzVDMaiM2CGPVKhiUajAatc_WROTiqHuWpxpcTkeXcvM5pf1-XG=h310
Dragon Era - Slots Adventure,https://play.google.com/store/apps/details?id=com.playmage.dragonera,https://lh6.ggpht.com/LpVWnMrLDI2LhHHSxmyc_zccz3s13iNtiuIhMZUUcyaYdDSamyPzt2WL4mTYOdkZSNc=h310
Hungry Shark,https://play.google.com/store/apps/details?id=com.gameclassic.hungryshark1,https://lh6.ggpht.com/2h2mhGwlJWd1b0mDBzLO5_XqNGU8KiB5kUQfUGizK-vBcaD61ZkQElDip66xaFmC3ig=h310
Fish Farm 2,https://play.google.com/store/apps/details?id=com.raixgames.android.fishfarm2.googleplay,https://lh6.ggpht.com/6VOr98iWD3rNGTGufps-j4cCg-SOG_8phbPAti-cUfioJkqJMQwQP833bhXGjPo4jU4=h310
Candy Blitz,https://play.google.com/store/apps/details?id=com.icegame.candyblitz,https://lh4.ggpht.com/k5jrRM2UU3DA3InfigUz9idRjjRF2-5g05gzck4i8K7tQ9GWEySX-f1K3rEqKi38GA=h310
Droid Sky View,https://play.google.com/store/apps/details?id=com.DroidSkyViewSpace,https://lh5.ggpht.com/85Vi5EoTk5hN4zonAgwNoPYgABZplw3gq7LEKqV-VpDsJnr4V4Gkia9JBwJr3l-F8kQ=h310
Kunundrum Full Free,https://play.google.com/store/apps/details?id=com.mangopub.kunundrum,https://lh3.ggpht.com/EIUD9UdYf8ntCKF8RQg1AMoUxoJfwYwHcq5K3nnnAS3FbYuX3DfMWyXRkaqYL2yaRzI=h310
Spirit Stones,https://play.google.com/store/apps/details?id=com.gamevil.spiritstones.global.free,https://lh3.ggpht.com/OhAjLKfXsadaQbNx1mWlfJ0aU-51fyo2SWxJ7PJtjhNRx9WLVpjdEaoPdOoCPpqZ-gE9=h310
5 Colors,https://play.google.com/store/apps/details?id=it.devloop.five5colors,https://lh5.ggpht.com/c7KnxWTji32TeIAhDjDxLDryQ6d409ai3YmiXIwpUiNxgrvfWe8kg988qY72znI75yZl=h310
Monster Makeover Salon,https://play.google.com/store/apps/details?id=air.MonsterMakeoverSalon,https://lh3.ggpht.com/REz6QEhzLWJeSTBeZe9ZRucL8i8-JQZ2284bOn8Yydyqju9AdGn3PzzNMmma1lTrVVg=h310
3D Army plane flight simulator,https://play.google.com/store/apps/details?id=com.vg.ArmyFlightSimulator,https://lh6.ggpht.com/doB44p2VgJrKzVDVwZsy4rcvUqe0e7kQRAaLUQw2I1faHLOybUkwJGdTekBQh3oi4vA=h310
Grepolis,https://play.google.com/store/apps/details?id=air.com.innogames.grepolis,https://lh3.ggpht.com/I2FTBQsWPPSBT9P2zuj93bELx_2GrI4rB_6P4iJDNQJCQW653GGJwYnsZ2-Y3yrIVhE=h310
BOEING FLIGHT SIMULATOR Xtreme,https://play.google.com/store/apps/details?id=com.thetisgames.fsxtremefree,https://lh6.ggpht.com/OldjrJSLIfI86nKHFh1i46_36PMX57bEL0M83agQ4ROe3IWhVYv60QdKrApd_2Kcggax=h310
Play Football Real Soccer FREE,https://play.google.com/store/apps/details?id=com.fz.play.football.free,https://lh3.ggpht.com/wxiDca0XOGZhdkMV6luIShpQ4Is8ItWiMSR0re1nqfu0vZV-i98A_uMFlA_8jyuSIVg=h310
Pirates! Showdown Full Free,https://play.google.com/store/apps/details?id=com.mangopub.pirates,https://lh5.ggpht.com/R2RIwipY8HlWeJUUX6lSB-fkh3-McFyL9ErE4JFWUnneVwa4vJm5MsRFY9mspmxYIQvv=h310
Doctor X: Zombie’s Surgeon,https://play.google.com/store/apps/details?id=com.tabtale.doctorzombies,https://lh3.ggpht.com/vSuGi9L1MFuvW-AuI8j-ILKOlmMTJdc1HHr0t62ziVv9-GT9Vk9R1Vr0ntlRazZ-YQ=h310
Championship Jet Ski FREE,https://play.google.com/store/apps/details?id=com.amigogames.championshipjetski2013.ads,https://lh4.ggpht.com/YOPZ9J4b5_pzZI_IxFYbvoSLmJTkTPqdTTxVf3XI9lS1teSLnYepkQ6Hb_LIErWQYTo=h310
Jurassic Story - Fun Games,https://play.google.com/store/apps/details?id=jp.liberteenz.JurassicStory,https://lh3.ggpht.com/DIpaIOdo_UsL0kcqKeWIwCNXS_EAKngjJdjN6zm0SjwnTgEAYde61xowKS2auikX9U4=h310
Bubble Mania,https://play.google.com/store/apps/details?id=com.appgame7.bubblemania,https://lh5.ggpht.com/YhEGh2U5RiB5LWmU1tU0QDxm82OTW1RWSeF5cal486IkyB82Vwsu_BncceeOc7qWuw=h310
Neon Sniper,https://play.google.com/store/apps/details?id=neon.strike.sniper.counter,https://lh3.ggpht.com/pZcQHEFqQRx60PSoRfMDap1vDRhHKj2cGP0YPubiHZvnDArIotqknlLuSgMnoLDpyLI=h310
Bubble Shooter Violet,https://play.google.com/store/apps/details?id=com.bubblesoft.bubbleshooter_1,https://lh3.ggpht.com/v6DJUiOolFbL4l-YX8IawSVtgDNkHpEbNeb3fvEpkoO6paXc0VhMvTZrXqINbPlX3w=h310
Deal or No Deal Free,https://play.google.com/store/apps/details?id=com.girls777.dealornodeal,https://lh4.ggpht.com/crHzSbD0N_3-90vzQbSvaorQyoqJXcvVWGJSolQ-Dz6qrFwW5U0hQw-a0uSEaDJvAPU=h310
Mega Rush,https://play.google.com/store/apps/details?id=com.kingsky.runner,https://lh3.ggpht.com/9-DIVcSoVBZiowwltV_aH-bCJbrK1Zh_ov47uW-pg4Mi7yH2iUGF0VfIUfYlCfALkbA=h310
Little Commander WW2 Halloween,https://play.google.com/store/apps/details?id=com.catstudio.littlesoldiers.halloween,https://lh4.ggpht.com/gxuuCtT2ksF6kRoddHQiIYXmwILJPYy7pEEDxzbtXyc8inupsYpxkdPo2G1W4rcCBKkv=h310
Jam City,https://play.google.com/store/apps/details?id=com.batteryacid.jamcity,https://lh5.ggpht.com/gcfNFj8-X6wbSSPVg4_fnBGlEo_oh53J5vXUTo57dls9Kuxv0j4-dAoo2DwE68NzjxE=h310
Bubble Match Birzzle Full Free,https://play.google.com/store/apps/details?id=com.mangopub.birzzle,https://lh4.ggpht.com/uxP8IEjNyUDEY79Em70J67hhR4OyEx-u6DmaC62_rp7W4CtsONG4czxmAwRp243EcTY=h310
Celebrity Face Mania,https://play.google.com/store/apps/details?id=slide.faceFrenzy,https://lh5.ggpht.com/EM_N2aihcklf6XxleaLMS3g1kgo5ffG_BAZUShSjU3l0l_GAwG6tmCjG00aN2v0sxRY=h310
Hidden Object - House Secrets,https://play.google.com/store/apps/details?id=air.com.tamalaki.hiddenobjecthousesecretsfree,https://lh5.ggpht.com/kv7xdwCLyVW1J9wZyAcnsQh3AU_ktoLLQM1LB64I8_YkFkEsKOfjYbulCgIpLthwgXw=h310
Speed Racing Ultimate Free,https://play.google.com/store/apps/details?id=eu.dreamup.speedracingultimatefree,https://lh4.ggpht.com/3dkV0EtTREHJ0YElDqJrYwuYh2nCNsZgaJJoR0P8aRKIET_ZZD6MlTu9JbLwN_LQKLM=h310
Just Shout,https://play.google.com/store/apps/details?id=com.amazingactiongames.justshout_1,https://lh4.ggpht.com/PQT72Gi3pbahRyL5D4puNj340w3zzP3MyiS2fLhFThI8v07Q-J-Z2ifI3NqcoXWRpA=h310
Bus Parking Simulator 3D,https://play.google.com/store/apps/details?id=com.tapinator.bus.parking,https://lh3.ggpht.com/UscXgoUNzIxbGWjBJEv4IbO0dTSNqLAtE3eNt0hjyUrwckT1c2G0DJ9sFut73JinB-M=h310
Jewel Mania,https://play.google.com/store/apps/details?id=com.lichloft.jewels,https://lh4.ggpht.com/hHgONnBcUKByloSyLKRDU_ya1gMveeXSMhmAvFfsWkiVXkGjDyykX-ofJ_Z2PIQfuniJ=h310
Pumpkin Maker Salon,https://play.google.com/store/apps/details?id=com.libiitech.pumpkincreation,https://lh5.ggpht.com/KSpCmLMWK9oMJ5vWfJsCArfl15hc0Qp4Vl1RrIosum6mdeozUA4HCtdRrNNyujJgzlo=h310
Spider Guy,https://play.google.com/store/apps/details?id=com.minigames.spiderguy,https://lh5.ggpht.com/eoqhK_4C27odGmFtpLzaZLquggM0CR9jjRr4pWGjrb68BLa0MutKTqisZriTKTItETI=h310
Beard Salon,https://play.google.com/store/apps/details?id=com.nuttyapps.beard.salon,https://lh5.ggpht.com/rLrZSS4vnhpOupKwPTx2M41TVNo8cgX1n4o56zk4nhUbnDzSShKwS-nAPeD365Iy-1vo=h310
HipHop Sound For Perfect Piano,https://play.google.com/store/apps/details?id=com.perfectpiano.drum.analogkit,https://lh4.ggpht.com/1nOa1hjqKLcKHFdfFlJSS3qZVzafJHVTQrOLOVUpy51MvzKtDhUN_cNCzub4x8a11g=h310
Airplane pilot 3D - flight sim,https://play.google.com/store/apps/details?id=com.vg.airflightgame,https://lh4.ggpht.com/3IHUqfz0O-d9fof9nBwHgl-k_Q9aBG5YqbBnX2ynSmmiDYgwbcJ5jxH_RJsRf34ERdOm=h310
Celebrity Baby,https://play.google.com/store/apps/details?id=com.girlsgames.CelebrityBaby,https://lh6.ggpht.com/Wwy0KowTakETrex4Yj8JGdagYzGzG09Pf9Dh8wN8I8vAYVkqbckma8MC25zFrf9GBfI=h310
100 Doors : Aliens Space,https://play.google.com/store/apps/details?id=com.gipnetix.aliensspace,https://lh4.ggpht.com/SgO--t0_5YJZDkCz6uzOnbl0FKEpDCYKFJBBVufKBs8_ygBir48LHk8QcApmPwH0Yw=h310
Death Shooter 3D,https://play.google.com/store/apps/details?id=com.icloudzone.DeathShooter,https://lh4.ggpht.com/mrpnzdXB0mzF0pnshnYOAS2CAcQpyCXR8-cphvkc8x_zHogTn7pk0zVie92E4GaA_r_D=h310
Limousine City Parking 3D,https://play.google.com/store/apps/details?id=com.vg.LimoCarParking,https://lh3.ggpht.com/pU_K6NQ3WqxpqNpuJ0-FHWbEPpgZqT6Lg4J5yABgqKAAsFjEthAE5U4Bf6a4l6qIFgc=h310
GameHouse Casino Plus,https://play.google.com/store/apps/details?id=com.gamehouse.casino,https://lh4.ggpht.com/-GTfKhn3hl-yqEdkLzRofTIFj6Gxm3nmBCOZHFOKWyrk8RXOMfEU7S-DldNwQVgdUo1n=h310
Design Baby Tailor & Boutique,https://play.google.com/store/apps/details?id=com.nuttyapps.design.baby.tailor.boutique,https://lh6.ggpht.com/CUpEvpDro20mGIzgYW3dx6VS49UbUAgFgeTem1aDfm2WtWaljCcQvV7oVS9BUdQjFGFu=h310
Cooking Dash 2,https://play.google.com/store/apps/details?id=com.racingmania.cookingdash,https://lh3.ggpht.com/SNt8aE_vrAhwLaC3NACzUQe0sAn6Zy4MHc31FMH5DJcyR-z4-hMUJOhl1aM47eD60Kg=h310
Flick Beer Pong,https://play.google.com/store/apps/details?id=com.xtpl2012.beerpong,https://lh5.ggpht.com/jGT6JaEAp5cHJXSbfXw2YdtsPLdCbWFuqMt_XZ9HNiW2Ci6LazeDFdiTs3ATXnuyCNg=h310
Cube Runner. Run MineCraft,https://play.google.com/store/apps/details?id=com.RunCube,https://lh4.ggpht.com/JFsLPfAOAs-0Jil5WeXCgBc9uMXgVQUDrZT2l1y8ZDyMHeKwv-8PVnvEfvIx-WxnFyDr=h310
Crush Star,https://play.google.com/store/apps/details?id=com.gameclassic.crushstar,https://lh4.ggpht.com/QZwxws6UPU-YhvOb6CdYCz6SSKhct9wcdITP3QkCX_6EbTSvAQBB9LsnjHd8TYxf8g0=h310
Jackpot Slots Casino -Fun Slot,https://play.google.com/store/apps/details?id=com.threeaplay.jackpotslotscasino,https://lh3.ggpht.com/IQmy6tKyVpT943VCeS3mBz3G2RJkqrE3ndC4e9-6W9uDJyoyM0IhDXJMhxB9bqvPKAg=h310
Gigi Tattoo Shop,https://play.google.com/store/apps/details?id=zjgame5.monster.tattoo.funnygame.three,https://lh4.ggpht.com/r2d_T83RSphP8IRbRT9a4GfAMSqZCkDDMc8eb4x2jztaJzJ1uby-XUCLOqi8VeQmVbk=h310
Beard Trimmer,https://play.google.com/store/apps/details?id=com.girlsgames.BeardTrimmern,https://lh5.ggpht.com/bYSJSnlhMOAbfcMw3MrCT1eWzfbD6CBq7Wsy3e1Sslvd-MdsL1qlrrO-iOFDNFkLBUw=h310
Hidden Object Mystery Guardian,https://play.google.com/store/apps/details?id=net.bigbearentertainment.android_ho_guardians,https://lh3.ggpht.com/rYCvVDE8w_bcjIKOM05yuDndz2-7loj8eeh7RjhGdizJkL_2waOG-t8XMv_QpBzqFYD2=h310
War of Legions,https://play.google.com/store/apps/details?id=jp.co.a_tm.wol.en,https://lh5.ggpht.com/MtpzDFFCY2cSTtu_cby7qV42csLx5LHcko2YK7aArlSHv9Hgk4M9PZX8scdXbOl0amfQ=h310
40 in 1 Stickman Games,https://play.google.com/store/apps/details?id=com.tyrfig.ddongbae.c,https://lh3.ggpht.com/JOcp_tGOXzzqD6PAsxLROvB8pdLvVCtqAxyH1D7bPMsJrWid3KM2enwBPTxjRYAouOmu=h310
Hay Day Farm Fever,https://play.google.com/store/apps/details?id=com.jarman.filebrower,https://lh4.ggpht.com/jr1zDbChaOOJ-bi8wiXCDhziJDCOz_262VX8tqZYWZssHFvh_9BSib5mYZr4wisTYrc=h310
Monster Spa Makeover,https://play.google.com/store/apps/details?id=com.girls777.monsterspamakeover,https://lh5.ggpht.com/rQ6c7cCZLnh8AJuu9SjUVbRfAm1iA5iFWS5Hc9PtwhOtbuWAhafk3EzBDW6rTAVFR0M=h310
King Slots,https://play.google.com/store/apps/details?id=com.letzgame.kingslots,https://lh6.ggpht.com/E7QP_OFRgG7Hh3ouyrPpczotu-nRKS1MtlOSuVjUbP9Yymb2wYo0BK3ePoiaaFXWGhk3=h310
Fingerprint Scanner LockScreen,https://play.google.com/store/apps/details?id=com.vectorlabs.fingerprint.lockscanner,https://lh4.ggpht.com/UoigWfbjHlRL4VZSw-zr-LYCpynRSho_hocwpR1ODSdNbvLezZc01nTX4kYDom3AoOYh=h310
Candy Boom,https://play.google.com/store/apps/details?id=com.evast.candyboom,https://lh4.ggpht.com/OTIX0hDPEkSkNDZIPKTtmk5sMlDRkTHpAQdlTzWX3I9Sw3nCT3_UCfK_rVtecD25f4LM=h310
K-Racer_us,https://play.google.com/store/apps/details?id=com.kracer.us,https://lh5.ggpht.com/aX2aD5f4cWcuE2diZvwlIsFidVgfc2OrGUBdiQF_FluPErUxB53GxPg8qgaevS4cqJag=h310
Avenger Veil,https://play.google.com/store/apps/details?id=com.pip.runesofwar.efun.aven,https://lh4.ggpht.com/q5bER0tmauBf3eZ2Q1ShESXpLpWmrSzRfPIftr-MmAfjNFWj279vM0buSgNaNdtWzQ=h310
Futurio´s World,https://play.google.com/store/apps/details?id=com.froggygames.futuriosworld,https://lh6.ggpht.com/KzfuuarF8yESnv8mw01q8GBXGV4asJW0fiSZDC4X00r3FMaAHKjJFuWFo_SOw6EFTg=h310
Numbers Addict™,https://play.google.com/store/apps/details?id=com.baringsprod.numbersAddict.free.gp,https://lh3.ggpht.com/oF5So9rW4X5MowAazXy1BfsUl4D2oGeE4SMP_uRb0miQOaluStavSbKydKkXRVomBFc=h310
deer challenge hunting 2014,https://play.google.com/store/apps/details?id=com.deerhunt.challenge,https://lh6.ggpht.com/Y0XCyAQO3H0BB1eV1MZujfk8V9gES-2DE5kix0XzcTbxrCHwaCjvRwh_nIoixByaSw=h310
Jigsaw Puzzles Mania Game,https://play.google.com/store/apps/details?id=air.wms.jigsaw.puzzles.mania.game.free,https://lh5.ggpht.com/pcDSW8pmmWev8wXez3Vza6bqaWh99A_2aQtj_g3YBmqsqUeBInLMdBfPPr_5ZIOxWg=h310
Halloween Monster Makeup Salon,https://play.google.com/store/apps/details?id=com.frojo.monstermakeup,https://lh5.ggpht.com/gJ6mIn_Xg7AasNakv9tRskjPvsMzfoyGIsaFJvl3-ysaOXwRXFH7lZG9sWeU76s6lbE=h310
Undersky: The Eternal Saga,https://play.google.com/store/apps/details?id=com.renatus.undersky,https://lh3.ggpht.com/fQA-DTybv0o06nVJXMcMQ6iLieCU6r1tG8xo5S6ik0c37N2Xt5hBGVb1w4UZf95Tyrw=h310
Virtual LASIK Eye Surgery,https://play.google.com/store/apps/details?id=com.lkbs.eyesurgery,https://lh6.ggpht.com/-ykwVIsxGs5xFeDKMJiHbBqHJNOcBM2jCAj0LL-_JtUPko6-MlryToj-BUnHi7W2U44=h310
Unblock My Baby 3D,https://play.google.com/store/apps/details?id=com.kauf.unblockmybaby,https://lh5.ggpht.com/Whyt3Qn3rOTDwWHBAj3pWzzFDhwGYcUaC4cqcQlBbJutWLmZSoNGKSr1gF_ZmS7BUHk=h310
EyeSpy: Hidden Objects Quest,https://play.google.com/store/apps/details?id=com.fun2,https://lh3.ggpht.com/Dyoh2X1zjLkcjOCBl4nFw0KHY38yMl8_NNAv1EWdHoMH4T_pYeWQdpfBLwLjxF6Zhw=h310
Clean Electric Guitar Sound,https://play.google.com/store/apps/details?id=com.perfectpiano.keyboards.eleguitar,https://lh5.ggpht.com/1un769L5Cwf07U_Dj4GsMlBj4AS1B8MPyl7uor6ANfISvwXAtJmNffDT0zBHXg8BMT4=h310
Riddle Me That - Guess Riddle,https://play.google.com/store/apps/details?id=riddle.me.that.riddles.logo.quiz.icomania,https://lh6.ggpht.com/YWnfWaTVIib1--UjTDF5-meTXeL-Bk5LzpH6kRt_kFEQ033JzzKe9YAhET8cHnYFlg=h310
Racing Moto 2014,https://play.google.com/store/apps/details?id=com.racing.moto.extreme,https://lh5.ggpht.com/NdRTXKnJIUUgDANEDR_HK9WQyI1WWWrh9ezfqoewjS5BRD9uYIeGjHHYtuv1TpP03NId=h310
Zombie Sniper 3D II,https://play.google.com/store/apps/details?id=com.Shooting3D2.goodgame.runing.zmobie,https://lh6.ggpht.com/ldYmObJgmgNsorfQJrSOPJa6hDfU4tlWPtU4x_uf7sRxvqgkFIrkiRNRK68hz4VtOPE=h310
Find The Difference,https://play.google.com/store/apps/details?id=com.varravgames.findthedifference3,https://lh3.ggpht.com/K-zRbP3vQcAFMDCDjcxnHMjXFtDYiS2p_6RXG9qBRJryh2XYAv4d3ds9t0CwoiJ8gqQ=h310
Hidden Object Pumpkin Makeover,https://play.google.com/store/apps/details?id=air.com.tamalaki.pumpkinmakeoverfree,https://lh3.ggpht.com/kdqzPhlqihhiJmTcrFc9nMmjmtKM7X0DbB2BhjkVMh1qvJVSrHc70b6cZaJiFcWKEya0=h310
Jenga Me,https://play.google.com/store/apps/details?id=com.xin.yi.jimu,https://lh5.ggpht.com/qTAM3Yr6_kw0KeuESKqA0mAtJNjzTrs8F1xDamClvWUEw63ymi7vpx6TjLDs4zI2Ow=h310
Candy Flow,https://play.google.com/store/apps/details?id=com.gamezen.candyflowforfacebook,https://lh5.ggpht.com/LNcozIrzrB6D4WKO3zhCmy6fz8E6TBWC7OBixFHDOmCASnBkaoBhGylZO9CPFE1NWg=h310
Baby Care Doctor,https://play.google.com/store/apps/details?id=com.fungames.baby.care.doctor.game,https://lh3.ggpht.com/Pcq9aLu7bK6ML-MBg2Ut9dDka75aroRS2FDBmFcMiV8O4cqyTIJBd4nbdNlu1Wlxc9c=h310
Fruits Blitz,https://play.google.com/store/apps/details?id=com.gameclassic.fruitsblitz1,https://lh6.ggpht.com/rBfr9SrSKwVa07n4VsjW-SB9tGbM4S0Fs-GrxOMMY2fxLiARZRfyNvtKLylVSjZtw1sm=h310
Wordament®,https://play.google.com/store/apps/details?id=com.microsoft.wordament,https://lh4.ggpht.com/GqVKom0gmS4yVjNyXcwYCOak5fE9U33PPtsp0RSMGQJ4zC2vPrmePf5YBzrhblvzpms=h310
Best Grand Theft Auto 5 Cheats,https://play.google.com/store/apps/details?id=apps.gelsio.de.gta5cheats,https://lh4.ggpht.com/9iWZn-QZpCSqoSf3MtRTjbaN5cNvgt9Vfsu5MmAhvfqmRLu-5Kdi9vzcEpfivWZm6FW4=h310
Xmas Doodle,https://play.google.com/store/apps/details?id=com.doodlejoy.colorbook.xmas2,https://lh3.ggpht.com/ec8K1xYX75ArhQFCNzO1mGRdZ9iXxtJOiER09FnE6kTS5VpHqcAu70wpLgGD3k-zHQ=h310
Hot Mod Racer,https://play.google.com/store/apps/details?id=com.gamenet.hotmods,https://lh5.ggpht.com/i_JVCD3I-tlW9zpW-9rwPPc6ICM2KCjANo0SSRKykJIfiIt76-Y8HOgKk4-Y3H08lA=h310
Stunt Mania 3D,https://play.google.com/store/apps/details?id=com.timuzsolutions.stuntmania3d,https://lh5.ggpht.com/tC28mFcVeGZd20VqvcZt7w_EOSjm6v9qaLxejHiicCIO47K71ZLNh0TxuDhyTR57nQ=h310
Wheels of steel – 3D train sim,https://play.google.com/store/apps/details?id=com.vg.wheelsofsteel,https://lh4.ggpht.com/3HORzYmCIs3eUJieej8zYf_O8iYDQ_B4iUHEWUk86aqoTc8cVdYOw0l57e32Jop2dcw=h310
Fire Truck Racing,https://play.google.com/store/apps/details?id=com.timekiller.firetruckracing3d,https://lh5.ggpht.com/n-lX-eWqP7Vlf67lvkg8sZC3va1NqwEC7gIHmPB7Sq3i0a8w-mILSes5ol_nQKcCPgg=h310
Alien Apocalypse,https://play.google.com/store/apps/details?id=com.CatfishBlues.AApocalypse,https://lh5.ggpht.com/aDfT81DO-KTo2B7xcCGgOqSlMrcD1TDge8_gCrXswAZYEkwJEesIh_9BdrTcUwwDrgF0=h310
Monster Coloring,https://play.google.com/store/apps/details?id=zjgame5.monster.color.funnygame.three,https://lh4.ggpht.com/1NVaRA73PIZB3LGgkQ37d4IzrJsm_WEZcV6VS-HQ3I34Liw9k3VwUlCGfc7Oqj5zCQ=h310
Craft Run,https://play.google.com/store/apps/details?id=com.timekiller.CraftRun,https://lh3.ggpht.com/rW_fVRHlMrzS3jZXfUCYqcm6ii97OccxQRwyMVEGNVX3fvG_AJkLLZtGq9o97iY1TaY=h310
Kingdom Tactics,https://play.google.com/store/apps/details?id=com.com2us.kingdomtactics.normal.freefull.google.global.android.common,https://lh3.ggpht.com/dwlLx2I9Z3p8aD7IKRVA8GoWnx66jqxiJhld_oVyOfZBlLfsr16cRz4c8AJw2iIEdqw=h310
Tightrope Unicycle Master3D HD,https://play.google.com/store/apps/details?id=com.chi.RopeBossHD,https://lh6.ggpht.com/VDUEZFnvX6ly_B4n-m04M5NmIsGu0SdH6D1eMQy1xmEHpBSY_542iR88EiDlXPsqimo=h310
Sniper Shooting : Desert Storm,https://play.google.com/store/apps/details?id=com.lindagames.snipershooting,https://lh6.ggpht.com/zVv05j5fLFQO8-Xy0YLxoRGQ8PLFHBwCMqJxqaraxC3PNF-PHxBMjeG_Lq8rGJpLyu0=h310
Celebrity Nail Salon,https://play.google.com/store/apps/details?id=com.nuttyapps.celebrity.nail.salon,https://lh6.ggpht.com/0AIiIHQiiDgIMaSMuGUaRzrK5nxhnVfbHtDShnhdtES9CsFZj8hp_8lrAVh96fScLFg=h310
Shopping Cart Hero,https://play.google.com/store/apps/details?id=com.mwb.sch1hd,https://lh6.ggpht.com/QGeixEPhg6Om8l22nQiSN5dXDJ5pYMtzfWHHzWoxTZ3yHUXrSfwaQMqdhYH217Yz4m_2=h310
Sky Gamblers: Air Supremacy,https://play.google.com/store/apps/details?id=com.namcobandaigames.sgas,https://lh3.ggpht.com/FmLu94cUaJJrzGDDf8JALAymVPlOiKMzuKwfns7j4VOkUx6DXTaioYrLWzB5ByT4LCM=h310
Governor of Poker 2,https://play.google.com/store/apps/details?id=air.com.youdagames.google.ww.gop2MobileFree,https://lh3.ggpht.com/AYq8zT89g9EMpfUdYNR7nCkZ0UdrqguCVSgxPTSY84d-WQQyBl6C2yA1jncppk0_kQ=h310
Mech Conquest,https://play.google.com/store/apps/details?id=com.hourblastgames.mechconquest,https://lh6.ggpht.com/tVp6VDI8yiiSZ2V-d7he-L8sEyrnyZnou91g_QxRzeJrM1k4ypVOSFIy_fUjBzBcqvfc=h310
Candy Star Saga,https://play.google.com/store/apps/details?id=com.lpdagame.candy2main,https://lh6.ggpht.com/xxaF820X27AghP7jmxdLyCH05Y-w7n5HKyju6vkp6c2PDyw7d_pksA86f9zsiIN0zZA=h310
Baby Makeover,https://play.google.com/store/apps/details?id=com.onetech.baby.care.dressup,https://lh5.ggpht.com/629-4YEHxOxTMtk6gW03dFSqHwZZ9sUNovn-epx7SRsgfr0fWQI6wpoY5ShnXHtQxEc=h310
Bladeslinger FREE,https://play.google.com/store/apps/details?id=com.kerosenegames.bsep1free,https://lh4.ggpht.com/RUwRS3ym1jwv6L-nen89b1Iu1mzfW2Wul6ECOSGcR-tosAWNKPa2NHIo_UyA4M4tIA=h310
Crazy City Parking King 3D,https://play.google.com/store/apps/details?id=com.chi.City,https://lh5.ggpht.com/AqDwrkKUxBTFvUPb7s0d6gAaTVSLbzaTP3Yx71NCnoYWJZwQNXjmXUZudeOlJJLba3M=h310
Pop Candy,https://play.google.com/store/apps/details?id=com.gameeexcellent.popcandy,https://lh3.ggpht.com/a7VBSl41h5kNMQ4q1PX7j3Ga1vxTCtVTffs2wdsXWAsl8BOH6PtKDmtqc_9Gl59SAhk=h310
Crash drive smash zombies,https://play.google.com/store/apps/details?id=com.vg.smashzombie,https://lh4.ggpht.com/jpybVUSNn3jpq1yhrNloK2fLs5lt106FfaQ77GBfCBltpQGWIvISt1YviQS7ROcn-xY=h310
3D parking - fire truck driver,https://play.google.com/store/apps/details?id=com.vg.FireTruck3D,https://lh5.ggpht.com/uwEsP_UTQ2Ut1UPQ5Jd-QUw02IFCaxjKFTMfM7bcCLdHq_hQg-Lrk_mJv3Rm0K9WPQ=h310
TouchDown Rush : Football Run,https://play.google.com/store/apps/details?id=com.infinitypocket.TDRUSH,https://lh5.ggpht.com/_tcL09S1OIvG9BzQ4d-UxSrIM6Vss0gzu3Hhfn-sk0CuNUuOYcftRSOWdnthgC8_uQ=h310
Halloween monster dressup,https://play.google.com/store/apps/details?id=air.halloweendollfashion,https://lh5.ggpht.com/p9eXQBo5cRvQ9ZJOJC8l964IcUZM1e6McSPb46w2-UKyyzzC4c_FHk8s0S3zXxUhyhZ7=h310
Hero Run,https://play.google.com/store/apps/details?id=com.bear.runrunteam,https://lh3.ggpht.com/JDBc8nTOVzWEkItPAjoTWe7K8yJos9oKx7KNho7ueGVIfZ-enaYogyhhei_5hMKW_tM=h310
Family Barn for Tango,https://play.google.com/store/apps/details?id=com.funplus.familyfarmtango,https://lh6.ggpht.com/jggEIfXfjQS_Mz9mYNaI1p5yr9kySkJVD-3C55iTT_W18JSKWw46IBFJBjYFjgM_-w0=h310
Sniper: Zombie Warrior,https://play.google.com/store/apps/details?id=com.morrocgame.free,https://lh4.ggpht.com/kUFBZyzTYUhA6V1mX124gVE_Oi3yBbev1pUFC0sq2R4MKrNM96lR1txQMKmsGjk-kOQ=h310
Farkle - the best dice game,https://play.google.com/store/apps/details?id=com.redearstudio.farkle,https://lh6.ggpht.com/j1R1m75Ia9H4FeA9NnQfvrSnRaKQFzeV1MI59E9eOkSMGSLVkz8yzUfKLED9eKL0vfs=h310
Tiny Thief Lite,https://play.google.com/store/apps/details?id=com.roviostars.tinythieflite,https://lh6.ggpht.com/VI__AYb_ZYRv-h8ydBz7fzr422zqMJPxkdnXLmhinJUagy0WvG9WU4zVmD4FoOU3Ew=h310
Shopaholic 2,https://play.google.com/store/apps/details?id=com.spilgames.shopaholic2,https://lh3.ggpht.com/2ZsKs0mCeUKsTWkfC0zloCv_ebqrqfHQNQxHuqWwKYPTOeajlsWJsMxLl_MwRfEkGQ=h310
Bug Smasher,https://play.google.com/store/apps/details?id=com.lichmobile.bug,https://lh3.ggpht.com/c3G8nfNrYfH9wGyJNg3tdRORFwGqOn1eYzOqYFiKYmwpb39UwM0qQRbl48H9pS5k_z4=h310
Baby Care Dentist,https://play.google.com/store/apps/details?id=com.fungames.babycare.dentist,https://lh3.ggpht.com/d82jurRp8QmCmmNuKKtAmvHNiuPYdMCu3DsJbtjQiwvSMm7dKW_pprXSNRnkZK6lx4I=h310
Mermaid Princess Salon,https://play.google.com/store/apps/details?id=com.nuttyapps.mermaid.princess.salon,https://lh3.ggpht.com/sPF3Dmtkg69wCSIMWvjO3rvPahc6Pl78FBol5P-qWPXu7I46cPg7oL4O4O3ey-vov5o=h310
GT RACING,https://play.google.com/store/apps/details?id=com.gtracing.october,https://lh3.ggpht.com/Ep6OCrWx8tyG37DBuUR9EvgTV6P-fUEHbshv-RluEPbKZGRj66mL0iTosgDSSBen1Aie=h310
Monster High Makeover,https://play.google.com/store/apps/details?id=air.MonsterHighMakeover,https://lh5.ggpht.com/OvSc3aV2-JkWIyckNueGk384OgtmbsLMSHJqcqC0daRBYSt8nF5YboZ13aCcYIw-4g=h310
Baby Hair Salon - Girls Games,https://play.google.com/store/apps/details?id=com.onetech.baby.hair.salon,https://lh4.ggpht.com/jHE3yrbld6DsFE4P1w6UphxIMv7Gzh8NUogXtz-x5YSuYY3ormEoXX1Q5chqCongaA=h310
GTunes Mp3 Downloader,https://play.google.com/store/apps/details?id=com.GTunesMp3Downloader,https://lh4.ggpht.com/4ONjvDzPOm0iIRhOZGrxXVxDSieEGH08Pzo3WSupxxJblxJZzcv8V-UQ09D7NA084Ybi=h310
3D Slots RPG【HD Slot Machine】,https://play.google.com/store/apps/details?id=jp.arith.metic.SlotRPGEN,https://lh3.ggpht.com/QAMijau1agLcFH5vW_uXcUOryqvprPx2ulOuQHCo1a54-Pkz1oENdIf1dnwER1A2Pg=h310
Candy Crush Saga Free Tips,https://play.google.com/store/apps/details?id=com.candy.givemespirit,https://lh4.ggpht.com/cGYXi4fNhl8Jh_GJCOA74ebIbUZXN6wjUAOyyW9eFPbMRzD3LwvoiYpRDiBBFtlomQ=h310
Monster Truck Battle,https://play.google.com/store/apps/details?id=com.topgames.MonsterTruckBattle,https://lh3.ggpht.com/GtoGAk0VLQX7tUDHziQG-4Ei5SVkGb7b63cP8aipItQDp5P7LikQm9hTzFktzPk3uQ=h310
Zombie vs Sniper,https://play.google.com/store/apps/details?id=com.zombievssniper.october,https://lh4.ggpht.com/xKH4MRb8gTaVRw1CJIo9feW6ZlNjtg_Te58MZVqGkK1ovlEvk0CRZXlluN_q34V3Awo=h310
Battlefield 4 Weapons & Maps,https://play.google.com/store/apps/details?id=battlefield4.weapons.customizer,https://lh6.ggpht.com/kzwMzcuUybEb8KUMvQF5V_x5T4FPh8hMDRB_PHJfHXh2fFqaHOrzm9NIpu7sF2ndRyw=h310
Monster 500™,https://play.google.com/store/apps/details?id=com.bwf.monster500,https://lh4.ggpht.com/KV0nG5da4YYxeWMaI53ajZ1g673O8loXTQxbbv27ZQ_LAs_HUEfU-1a6IdsRN1mmBn4=h310
Cleverbot (Android),https://play.google.com/store/apps/details?id=com.mobincube.android.sc_RBBKZ,https://lh4.ggpht.com/dwS3a8-7XvUS_s5LVpH5VrJqZdKwMKyDTpyHGsvSCAB0tdb63CXCA30Rw60-5VfHSQ=h310
Spartan Wars for Tango,https://play.google.com/store/apps/details?id=com.tap4fun.spartanwar.tango,https://lh6.ggpht.com/ANC5HU9WfkydoCbsp6c7aXqIVG_AI3bQ7gahN7WrzdmPmpBuSeIgZkk6JAodFI5qDSA=h310
MM Clubhouse Matching Games,https://play.google.com/store/apps/details?id=newmatching.mickey.mouse.fun.play,https://lh5.ggpht.com/7eBUWexqpPyqYVOUgqddbybgDCBBx24f0bKwwAgYKZKpAlQa0G28O_-5d2rkCfms62Mn=h310
Crossword Pop™,https://play.google.com/store/apps/details?id=com.sixwaves.crosswordpop,https://lh6.ggpht.com/lAt4VXYu14NBKriM1ZEcRh4eqgkWdXiO5MREBU_xCvHxiyICSLjXn3o9VRpuRYWTZJJi=h310
Madden NFL 25 Profiles,https://play.google.com/store/apps/details?id=com.diginium.graphics.nflmadden25profiles.free,https://lh4.ggpht.com/s9deX4FHpFCABjmmOCXECyyszxQxdBMhAKBANysn8gYNInVop28je_0CLVJ_NeXo3X0=h310
Kitty Grooming Salon,https://play.google.com/store/apps/details?id=air.com.dressupone.kittygroomingsalon,https://lh6.ggpht.com/wbrvsDRWG3A_q7IgEn9YL2Es3Xu3mqbAgIM2urSDcYzUMCK8Tcz4iZH-ZD76E1L1aac=h310
Mountain Moto : Racing Moto,https://play.google.com/store/apps/details?id=com.lindagames.mountainmoto,https://lh4.ggpht.com/NFe8nwuNxNosYmLALiuM3aN1Fv8ZQdJ3O1SGW1HKT1ljyI3qA4S5OO4CBYF5dkjScA=h310
Krrish 3: The Game,https://play.google.com/store/apps/details?id=com.gameshastra.krrish3thegame,https://lh5.ggpht.com/pt84mGZFPNV1S32-JQ2rEqsJudbZ81NMlP_m1K4hu13PRG9bkwHkgDaTy2fheUmzOwI=h310
Ultimate Movie Quiz,https://play.google.com/store/apps/details?id=net.ultimatequiz.movie,https://lh6.ggpht.com/YDCH1Qjv-RS4vbMuom4LEefx0ljlaBWIIWhpdn0BO1-e-XbXCXBcKIv3xLhGKnRSyw=h310
Snowstorm,https://play.google.com/store/apps/details?id=com.Congo.Snowboard,https://lh3.ggpht.com/dywxVPuxuE3EWLg-2-BsJDTbVNTlQ16rxepROSkrRsrKcept7yvbOpOmhX26-1iTBzw=h310
GTA V Cheats,https://play.google.com/store/apps/details?id=com.olssongames.gtavmultiplayercheats,https://lh5.ggpht.com/ncHkZeWw1fzXHKTTfYkcbbmxAUqBkK2g0OXeLmIAWuiATtG-faEWe6RNTk-lG3yJctiy=h310
Hidden Object - Lost Souls,https://play.google.com/store/apps/details?id=air.com.differencegames.hosoulsofthelostfree,https://lh5.ggpht.com/C18crN1NQnaciXlkI2ewzO7xBC8Kde_reAc0WyCqb6GLcAi8xKoknrJ4SCHojHbuHSI=h310
Angry Truck Driver 3D,https://play.google.com/store/apps/details?id=com.topgames.AngryTruckDriver3D,https://lh3.ggpht.com/VXyIomHsdumJ6DIrSH2NxPDNw2GQyIBJ5zuQAnmzS3QhzIeUn_neX4-Cr4F76OT5Yw=h310
1000 in 1 Games,https://play.google.com/store/apps/details?id=com.noumena.french.ga,https://lh5.ggpht.com/bNrhdEvEBML3HTaHBn634rtRNsP65ramxqcKLVZ3HfBw6S1N3kcW4HXm6RVXW3Uilwo=h310
Fashion Dress Up Game,https://play.google.com/store/apps/details?id=com.Fashion.Dress.Up.Game,https://lh6.ggpht.com/GXT-bFF7W9ntnd28qryU7Ow47rJFvsnvI46YIOgQBRO_rpdl-P2t0zQfmTRBOZ0LBqmj=h310
Contra Dynamic,https://play.google.com/store/apps/details?id=com.racingmania.dynamiccontra,https://lh4.ggpht.com/OWQ-rJPlK3wD2hPMS2z4NjBmoKLZYkcYm36mp6vsb10vMFiYM2utGVccSkjQfLrJNiOG=h310
Dear Hunter 2014 Cheats Guide,https://play.google.com/store/apps/details?id=com.dropboxusercontent.dl.dearhunter2014cheatsguide,https://lh4.ggpht.com/BpoyVKU16weteFfGB1U2iCU4mJBqAGhdMmjcBo3gZKpCPkMQNXcsJVNzsj-a9AftX4zP=h310
Moto Xtreme Race,https://play.google.com/store/apps/details?id=com.motocompany.xtrememoto,https://lh5.ggpht.com/2dsTxKGbxGRnfcMBF5QEkSr34K0WXuLClINZpe4YSyZhbkanrUz4eRjQYxQmsAM-GA=h310
8-bit Space Tower Defence TD,https://play.google.com/store/apps/details?id=com.synapse.spacedefencetd,https://lh3.ggpht.com/xTYQsNA0u55UVvZNRmEZwCAtNUJ4RgUqfjyllF2hpCkUpHq0DxErpCiV2uHhhu3sP5Y=h310
B.O.B.'s Super Freaky Job,https://play.google.com/store/apps/details?id=com.adrenaline.bob,https://lh6.ggpht.com/HSGXvD9nwfeelL9JAWYnpTwo9BRO8rsBsHPIMWSmtiMhkZjtCdzjesAi3gJvAB3olBY=h310
Ultra Guide 4 Clash of Clans,https://play.google.com/store/apps/details?id=com.social.clashofclans,https://lh5.ggpht.com/MCBICBaBZLqoD-0lEdBc10XTirV91DANGYKjPZBjFhv3QFne5HyEAm6xPlVFxa82zw=h310
Sky Butter Shootout Lite,https://play.google.com/store/apps/details?id=com.daringookim.SkyButterShootoutLite,https://lh3.ggpht.com/4dz0f_BDDYi9aeOZjNWnAjYNVbDufgud1WX1_iu4sh5VTuunYvaHd1StbfU46T4SVQ=h310
Zombies Ate My Doctor,https://play.google.com/store/apps/details?id=com.onechickenarmy.zombiesatemydoctor,https://lh4.ggpht.com/tw9AsbHftRoYLZvTr0NcAXSahcooqOAv52H__bjtsStO0aLN_eQxD8Hoq2CVV3-yC7A=h310
Super Thrill Rush,https://play.google.com/store/apps/details?id=com.ldes.speeddrift,https://lh4.ggpht.com/VCE6QnctNlitjH5yQ3cJI5ESiJGSH9Bj2rGP3HJapCezfb7uql0NHmLfRa0ku-pMBgrL=h310
Real Drum Set,https://play.google.com/store/apps/details?id=com.danhilment.real.drumset,https://lh5.ggpht.com/sP2LvVTQ57s65sF4OEoIOGUy8RooOS7MnGq8a2zGOlGDgPOsXS5UfSWu8MLcrrqnTw=h310
Emergency:Virtual Knee Surgery,https://play.google.com/store/apps/details?id=com.myerskater.virtualkneesurgery,https://lh4.ggpht.com/-y3n0J-PO0ECbJgogTQhEqHEOPVJCPdM4yC-IivdvJgRi3hLlAhw9PAsjn33nZgn4A=h310
deer winter hunting 2014,https://play.google.com/store/apps/details?id=com.deerhunt.winter.deer.hunter,https://lh5.ggpht.com/xJ5dNClznd_0ha_-F1KuYnX90J5VCgmXjsXvhx8U5rUFmFQLkUheQCI2lIi0T1i7Gw=h310
Herobrine in Butter Land Lite,https://play.google.com/store/apps/details?id=com.daringookim.HerobrineinButterLandLite,https://lh3.ggpht.com/R1Mz8kWjXzE8G4TYrjbC12CAS26e1kMcow8ymyxDdON0MrzemZdBKYoD-5IsTp7EsT0=h310
WWE Quiz Fun,https://play.google.com/store/apps/details?id=com.nextquizfun.wwequiz,https://lh5.ggpht.com/EEw-JrMjj7GGXqN3FiYHp5eARYc7IGZpUofo0_ND5W5OHj1V4yzcznFD_15ykBqdD5E=h310
Crazy Fruit,https://play.google.com/store/apps/details?id=com.icegame.crazyfruit,https://lh5.ggpht.com/-zlAmeHU8pp9ad7F123jA9ND3tWtqSfvldf14EOZ7GoM9C5EYVZlZe54H7bbvpoIhrg=h310
Vampire Slot Machines - Pokies,https://play.google.com/store/apps/details?id=com.proactiveapps.vampire,https://lh6.ggpht.com/sx3iYPLdBEfx_16zP1JOVXwFUL8iXn3nbMP7MXinjNC3e8TBLNETltqfolFJkV_pQA=h310
String Ensemble Sound Effect,https://play.google.com/store/apps/details?id=com.perfectpiano.keyboards.stringensemble,https://lh6.ggpht.com/Omf-Thcu5Mc_56Z2ONWfUgj3iPmf1XnKlEiSptPPgJdRFHd0AN9QcEuPAzKHAHwTrA=h310
Panda Run 3D,https://play.google.com/store/apps/details?id=com.rayapps.runpandarun3d,https://lh3.ggpht.com/eWi6koDPJYomQ-ehcwShQvB8hKU-MQVPjogOAhFlQOzrdiWMki2hBtZzBYYMK-d-I8E=h310
Angry Sky & Butter Thief Lite,https://play.google.com/store/apps/details?id=com.daringookim.AngrySkyandButterThiefLite,https://lh3.ggpht.com/eiuOHCbT3qjCxYu00JgCBrApMbGmQXeYGJHUDQPQXPkD7OIrkKyh2UTJ7ij2_06CH7M=h310
Lost in Baliboo,https://play.google.com/store/apps/details?id=com.pixonic.baliboo,https://lh6.ggpht.com/79-IlpD56-sNoIScq2a9LLcB2wvYTUD8OXL21l2smaw0VGjQ0r5AGbybwDDOzy1-m_A=h310
Puzzle Numbers HD,https://play.google.com/store/apps/details?id=air.com.foxyapp.puzzlenumbershd,https://lh4.ggpht.com/1Z4UM0PK6z-uop9FsyKhZthAIeiHKg-cxgUecraqV1SSxgwVxdirMMJKgtpTcKias5I=h310
Armed Heroes(BGI),https://play.google.com/store/apps/details?id=com.g2us.armedheroes.google,https://lh3.ggpht.com/qCYXmN4PzoDvSiA2y9O64YqM2Wt6igV_BGhKO1nUzfe-LWkRdH-mRlEzILWVjLTZHvs=h310
Hidden Object Monsters Deluxe,https://play.google.com/store/apps/details?id=air.com.differencegames.hodmonstermashfree,https://lh5.ggpht.com/4DjXu8Sn3BndsTw2AQvWyfkYOlr2GSn4XEXDKwAyRrkAQvKnzGl6qkPdDsOOW6XGiFo=h310
Dragon Ball Quiz Fun,https://play.google.com/store/apps/details?id=com.nextgenfun.dragonballquiz,https://lh6.ggpht.com/iZjOhlFHQDLDQltLQuzGDnZT0VCIAInzcyDKSsTRGMJswu9ibfKx8ptOA1pNOH5y5A=h310
Celebrity Ice Cream Slush,https://play.google.com/store/apps/details?id=com.gss.maker.iceslush,https://lh3.ggpht.com/cgvhXCIAPcHK6tQqhk5eVnV8_gjcgjcQ2O5aPrfh3E9EEHTO3QundcAkYBbiuQs99ALN=h310
Pop Star,https://play.google.com/store/apps/details?id=com.coconut.candypopstar,https://lh6.ggpht.com/1v6WgPPcabvJDDqG4mFdqsEpM6vrk7oYd7I2Q0hzsySUnpygjAldZglBqgnW88WMQQg=h310
Oh My Heroes!,https://play.google.com/store/apps/details?id=com.trinitigame.android.aceknight,https://lh4.ggpht.com/Jpinq66nruciqfIi5OGghE4HnQQY9NufjjegcAD391OfwGtNvMY5suhNSgTgMIbdvVjZ=h310
Bubble Guppies Games Puzzle,https://play.google.com/store/apps/details?id=bubble.guppies.jigsaw.puzzle,https://lh6.ggpht.com/JMLDDALI77nX7lANZGumtANH8MOO8QMbqfloJxuoAVZrBWzMw5TkQ_rh5iFWfCp1VRs=h310
三國牌牌戰,https://play.google.com/store/apps/details?id=com.lmj.bombTWBP,https://lh4.ggpht.com/Ade6lreol7x8fcJQHwe3XdGAniBqxUlsDY1z91kQKqBdde4gNZAMdub5xgrSTCmqjg-s=h310
BeeCave Blackjack Casino Slots,https://play.google.com/store/apps/details?id=air.com.beecavegames.blackjackcasino,https://lh3.ggpht.com/zqIw3bS6anPyG2e81_fmpSZwoZLKr5Q_cyYhKySj_Sa3g1joQy_n1CwdGkFthwQYzsXV=h310
Word Search Gold,https://play.google.com/store/apps/details?id=air.wordSearchGold,https://lh4.ggpht.com/ab8Ia-ZnOROZobQ18touHjDqIxK93hPt_QvcTHznfUQVAbBRndfajpFiDALAxSXUoQ=h310
Slender Man: Unborn,https://play.google.com/store/apps/details?id=antoninotruisi.whitethunderproductions.slendermanfree,https://lh3.ggpht.com/FERT52Vjy5rLWWZHPVtvR2US_teULrakeiV18x-EIUvqE5S8C61uSWEIKv9dYigudm95=h310
Slam Dunk Champions,https://play.google.com/store/apps/details?id=com.basketbol.smac,https://lh6.ggpht.com/BH_8i3LjU-_ntcIVRRfVtNoqE-yhzZlrX2dOhs-UTfEAorunvaniceg6By74dZ3s49G7=h310
Diving Vacations Slots,https://play.google.com/store/apps/details?id=com.altinntech.slots,https://lh5.ggpht.com/gYixaXSAeavcoFFTlMTef17-eFBXfxSesEZ4WlBDNRg8xccE7NK90OFc-5Jw3KgYrLU=h310
Draculaura Bloody Makeover,https://play.google.com/store/apps/details?id=zjgame5.monster.makeover.funnygame.three,https://lh5.ggpht.com/3xeijx74RWtUm8kZr3beztZM9H73gTSg6b_ggmZWnVaeeVWRSAnXp2g5b3gRDzoi510=h310
Celebrity Baby Doctor,https://play.google.com/store/apps/details?id=com.tipytapy.celebrity.baby.doctor,https://lh6.ggpht.com/TPEIuX5mgjux8fTKz6Gs6_z8TnCIxIE_Ww6F-jkkuy6T_WSTsqSe89I10CVqBgDmdL0=h310
Words Pop™,https://play.google.com/store/apps/details?id=com.sixwaves.wordspop,https://lh6.ggpht.com/JWTOcFo1sTUMotg8Mro_OWSvR-NbBBXF8yfcXTozaPUjNUQ53-blFevdTT7V0HVn9f0=h310
Pro MX Motocross,https://play.google.com/store/apps/details?id=com.studyhallentertainment.proMxMotocross,https://lh4.ggpht.com/dqfekXQ67nOmGFag5r8nrmFF9nCmFsLFpRfcMbfUZ2oxmlNVo6K_hVJjHaASnl3fmg=h310
Tidy Polly,https://play.google.com/store/apps/details?id=air.android.TidyPolly,https://lh5.ggpht.com/oLl86qvxXfd5hnZ3RIBufsJBdHh9U3JyiqduXaRfS42P1OFaWBCqYmJrq4R3l9zIpF0=h310
Penguin Village,https://play.google.com/store/apps/details?id=com.triggerwave.penguin,https://lh3.ggpht.com/3fpF2kCLqwdbmkhHhMg6NkaaSHCLn0hFYIF5mhpF699dIyWyrhqXPR5O3CC6-DWcIOg=h310
The Bomberman Free,https://play.google.com/store/apps/details?id=com.RedSnapper.bomberman,https://lh5.ggpht.com/JF2cvqvCG512yfIfhrRv_6tAh0eqIX8tyxu7FrQKiX7bGLmt50yZlkeO9aLUDsL6dMzb=h310
Office Tycoon,https://play.google.com/store/apps/details?id=com.ars.btycoon,https://lh5.ggpht.com/3cfEuSer8wfTcckr5iIoYo0p5DT4wLTq0bZVlGtmTf0AyiOWEfs2FtMkRpdII8s20g=h310
Halloween Party Salon,https://play.google.com/store/apps/details?id=com.playink.halloweenparty.dressup,https://lh4.ggpht.com/ngy5X8lh26NgDb1DphTOdp2s2luiYCKmnVTG-jMcVRHT_XnQdLOsUJsP3Jr_pPp-ZG0D=h310
Bomb Transport,https://play.google.com/store/apps/details?id=air.timuzsolutions.bombtransport,https://lh5.ggpht.com/c6QTj2U0E9QxT4os_On_oX4mvm90qJANGO7wzXXzl6UuHghbRfxBUX8jIlUGVmHqdGQ=h310
Noodle Maker,https://play.google.com/store/apps/details?id=com.icaw.noodlemaker,https://lh6.ggpht.com/6XBZclvY4Gp7WVFgfFzU6wTPGM9qas9IlAfMnAmJDI8aqeyMF0vyAUsXmpF2bBXOeybs=h310
Emoji Phrase™,https://play.google.com/store/apps/details?id=com.sixwaves.emojiphrase,https://lh3.ggpht.com/Ej2AkwNYfiiml_cQgICNcTp-3cKs-S9RDk_tTSz5wkjWH_Fn1YEmFJdydSB5HREXkA=h310
Beard Shaving,https://play.google.com/store/apps/details?id=com.games4girls.BeardShaving,https://lh6.ggpht.com/IKcabOl7KHS9phasdCTS5ZfTaqyRzzZ4AUzbG6X9ZMJxKIBoNyQljoc-QgUsMMYpjg=h310
Assassin’s Creed® IV Companion,https://play.google.com/store/apps/details?id=com.ubisoft.assassin.blackflag,https://lh6.ggpht.com/7OmcFUiZyh6hernCivCu7M1_n-UhnMIpn7Imkh-D2ux9B0E5qkqhdiYAppcJYxSZ804n=h310
Redemption: Curse of the Raven,https://play.google.com/store/apps/details?id=com.bigfishgames.rcravengoogfree,https://lh6.ggpht.com/GP6W20c1rRmO9TZlUHQRaBMs3kDox0WySxShjG3SLDOBfRoHFbqMoTgDZo2SQwUL4p8=h310
CastleVille Legends,https://play.google.com/store/apps/details?id=com.zynga.castlevillelegends,https://lh6.ggpht.com/m0_lGy8JVhxe_ma7Kw7LMiD97HHJAKVf7elnXF1rWDB5xfuEhW6YTORmHv-Aw_tKlkg=h310
Move: A Brain Shifting Puzzle,https://play.google.com/store/apps/details?id=com.nitako.move,https://lh6.ggpht.com/22rzqKweHF4h3og5OIgpDS2s8A27FXnsldbq3MvOZH1Bg9GpgR6gdFsYqmULo842Z-k=h310
Finger Basketball,https://play.google.com/store/apps/details?id=com.dexati.flickbasketball,https://lh5.ggpht.com/O_lI3eJsKNIfenGv8nPZRLBOxKPTN4qK5Nr7Ht2RAXlHhiMcWBOFn1bh4mCZzqwykIY=h310
Tank World War 3D,https://play.google.com/store/apps/details?id=com.playgame.good.tankwars3D,https://lh6.ggpht.com/7KXE4HTOiHFyuntubK0HV9Iq8-8EvOieE8S-rFabDJG1qAWzB0914_7QZQLUfNyTI94=h310
Classic Spider Solitaire HD,https://play.google.com/store/apps/details?id=com.briskgame.Spider.free,https://lh6.ggpht.com/iGjLLJ5iRyOH7AtgujIjAYjkmZKsn1xNgNnrDq-Zpwem1Hukif6c-eP6B5-gS9JczQ=h310
Pharaoh's Slot Machine - Pokie,https://play.google.com/store/apps/details?id=com.proactiveapps.pharaohsgold,https://lh3.ggpht.com/tBKZ_haBfOv_cMfecQcSN8kfJPW-VVCQjEKTyCU81tPf-X_AmMNiYVuaZZ0CjuS71kTP=h310
Surgery Games,https://play.google.com/store/apps/details?id=pri.cornellapps.juegosdecirugia_005,https://lh6.ggpht.com/uUFbQ8muDI-buU2XK3fiebd2PtG8kb88e8sMPt83aOuKV8ynfC5aCFx7JsJB8ruMZ50=h310
Revenge against Sky Lite,https://play.google.com/store/apps/details?id=com.daringookim.RevengeoftheSquidLite,https://lh6.ggpht.com/uO8PxNtVutT2H-LV0g4qNAyFv7rIqW6bEWRBRLYI-oYwgqPGRzzVPakjI2zxS_9C58o=h310
TightRope Walker 3D HD,https://play.google.com/store/apps/details?id=com.chi.RopeHD,https://lh4.ggpht.com/OnUBMXi6QEOrZjTBp9wGmJSEsnwqPoEamvEu3bf_HqWg1lP98ArCxwWPwUsa9aErlDye=h310
Crazy Sweet,https://play.google.com/store/apps/details?id=com.iphone_camera.crazysweet6040,https://lh3.ggpht.com/Ba-j8rHGd6SrfQGqyF8D3tIPEF1m_9YzGzFljgMeeiAtiOsI037gUyD9RKTYaHGa9nM=h310
Blast Da Zombie,https://play.google.com/store/apps/details?id=com.smallfortune.zombie,https://lh3.ggpht.com/x71OYGtjJIDDE_JeTPYN3TXN9nlcr0hcY9OA5HlvLYtg-jonqr-RIf-hIrdGLnCZpHld=h310
Throne Rush,https://play.google.com/store/apps/details?id=com.progrestar.bft,https://lh5.ggpht.com/YyQK6JF5rLB0aAcpehkXRXKmz_D54gOjM7ZxQvbElbtcfOKxl5r3588xkk8o-bED6bEQ=h310
Make Monster CakePop Halloween,https://play.google.com/store/apps/details?id=com.gss.monster.cakepop,https://lh4.ggpht.com/2gTWAZr4PDYDV3BnMOpAXTNzVXrAFR23KHmGM5qZEJCzAuoN0_4N0_fjWs4k2pzNrVA=h310
Duck Hunter Oldies,https://play.google.com/store/apps/details?id=com.dali.duckHunterOldies,https://lh5.ggpht.com/AW41d7scjq5KTtvH3Ikwyri8k59coZ_YG5gnABplQBRjPB-S2erwZNC6Gc3NDQtciQ=h310
Kick The Pumpkin Halloween,https://play.google.com/store/apps/details?id=com.kick.the.pumpkin.halloween,https://lh3.ggpht.com/c_lLW6wq5bA4n88cHr1v1Xac-seHoMEEVSJuN_IUHgZ7B09QBFrA6eCAIzJ5g-LE7MJg=h310
Hot Dog Maker Fun Cooking Game,https://play.google.com/store/apps/details?id=com.playink.hotdog.maker,https://lh4.ggpht.com/ig0fode4izD_qfWCvRsEFTelLjdBNNAveV6tKPMAoTPZrZRR7LHiCj0eqUAwFboLr64=h310
Bloody Cooking Mum,https://play.google.com/store/apps/details?id=com.bookingpro.networ,https://lh3.ggpht.com/apBdM_rCQ1FtmySjvDOUNeUv6neqPqBGwtN2_2b4-uFuv82H7RAnzjkRR-54UmYZjrHm=h310
Blast the Box: Move the Dragon,https://play.google.com/store/apps/details?id=com.kauf.blasttheboxmovethedragon,https://lh6.ggpht.com/DfIMfuZqOPWPNIv551jFHmCrflk1yjarX-O93xFlnFVVu1jW5nM0E5Uz_78MjgDmHA=h310
Scheme of Darkness,https://play.google.com/store/apps/details?id=com.ngmob.game.sod,https://lh4.ggpht.com/ca9ASCsRbbkoyp8LFAgAQR6SpB4dpyt_URo5XBMc1mOoQ7ZBq7ay7YYn5zo3Ympbb9Q=h310
Cars Memory Game,https://play.google.com/store/apps/details?id=com.spun.carsmemory,https://lh6.ggpht.com/r5EIY2tttF6kfBmUFIE7YJuUOMG4l9vi8EkYENUjbGhRvsfbsXFEI0QFv7BNw0v_08I=h310
Football Showdown,https://play.google.com/store/apps/details?id=com.naquatic.footballshowdown,https://lh4.ggpht.com/_VKdePbbLEurca6zvHrBjWjnyao6PaPhPEnSHfWSm_ZavndSsQk19TqdByN9zH1TCjg=h310
Fruit Worlds,https://play.google.com/store/apps/details?id=com.nuoxing.fruitsshooter,https://lh4.ggpht.com/hHTz9JYq56yri0O0DLgj6tuIJXy1iSScH3cyRQki07PwM2f1Jyi4VMT7arMta7t9BKnh=h310
Zombie Defense: No Survivors,https://play.google.com/store/apps/details?id=com.mpisoft.zombies_shooting_defender,https://lh5.ggpht.com/wSnu2ZwUQcYsHtmfJkkEmAYLblOQ_1JapRgNsXk8OHlUGyTvmzrKjmJgPcaK5h6Y5u8=h310
Deal or No Deal 2,https://play.google.com/store/apps/details?id=com.anndconsulting.dealnodeal2,https://lh5.ggpht.com/qtRBGDXiHtueTbbLCX7NZEfkupnO--TMNtobWCAtZbASfggcUKaXU1-XHNU1SHu-Rf_I=h310
Pro Darts 2014,https://play.google.com/store/apps/details?id=com.iwaredesigns.prodarts,https://lh5.ggpht.com/YDo-Oc58vdSIbPDYlSv8WeBL4tPrdp_eUs6W1CokxlNafFPCSNLFu36juZfY8nMs8As=h310
Mermaid Wedding Salon,https://play.google.com/store/apps/details?id=com.nuttyapps.mermaid.wedding.salon,https://lh3.ggpht.com/67LAregB-i53KteBtJuxLHL8U-6NB8A5dsNqWgnltZ76babQZYafiVMKo6f-hM_TYw=h310
Battlefield 4 - Live Wallpaper,https://play.google.com/store/apps/details?id=app.sg23.BF4,https://lh5.ggpht.com/pVkMEUd_W1o8Y86O3HY63Wsvhc2w9NjV_NgaXnyBwg-54StTC_8ac7Xr6MnOzKfukh7Q=h310
RUN-NY,https://play.google.com/store/apps/details?id=air.tag.runny,https://lh3.ggpht.com/AagVG5BJwn_250BVU40PmJGMsOj7Qd8yszViSOF3bwMCDgEngPHkzK6hkd9_yRfqHEs=h310
Blood Shoot:death sniper Free,https://play.google.com/store/apps/details?id=com.Actiongames.bloodshoot2.en,https://lh3.ggpht.com/fK9AI9-D2fSCleyD7GKsB8TWIqmZI3g4JzAldjtKS2vuLOoWoKM_DXmqa8AuQGu7FXWD=h310
DaFox,https://play.google.com/store/apps/details?id=com.magmamobile.game.Runner,https://lh5.ggpht.com/iepXR69JTeV4xi4IkTO1t0WkW9C-u4ykqknWk6Ml5_T3uHamD1Y5VVqV4QAxuzA3nA=h310
Virtual Raged Families,https://play.google.com/store/apps/details?id=com.acmeplanetarydefe,https://lh6.ggpht.com/xxkqXZD_mhoNDRoWNdAmdLz5OwVm1E4Av6TZzbHWrYcr7lfHnM-MJ85poMMc4-9DSKtN=h310
Home Design Seasons,https://play.google.com/store/apps/details?id=com.ars.hdseasons,https://lh5.ggpht.com/huzPjgdeuuMx4Jp-8erIeMlLMuHSWo0p31uObodMsbark41S2e8cA85P7FjRDLnHog=h310
Perfect Piano Metal Kit Sound,https://play.google.com/store/apps/details?id=com.perfectpiano.drum.larsulrich,https://lh3.ggpht.com/Ws8quTBJkE7lrL_93rl8Hu-nAaYsJBPXZeXee9tBVqF1hCaNYHOCPcw7mm9RxDHatrQ=h310
Halloween. Hidden objects,https://play.google.com/store/apps/details?id=air.com.nextdifferencegames.HalloweenHiddenobjects,https://lh3.ggpht.com/S2bKrtnlk8zMpVmwjvDty1sKZk0GPJ53-0TzkCZpWiRDqpPsTBuOTmQoQSP1fyizA-A=h310
Sniper of Trigger Fist,https://play.google.com/store/apps/details?id=com.miner.android.ent,https://lh6.ggpht.com/S983VRfqcFFKAgpS9O4Lge9Iyys8BHchk8Mn5VHLOZME1G9iyhGzb4IXr4hZ3DhCo4S2=h310
Beat The Racers,https://play.google.com/store/apps/details?id=com.beattherace.october,https://lh3.ggpht.com/Ye_TYcfsZICHl-sAQY7No9939hcqOkJZarX7O9Mpt83Z4wBjLLAwoARf8RmR9Jl05HQ=h310
Dream of Pixels,https://play.google.com/store/apps/details?id=com.noodlecake.dreamofpixels,https://lh5.ggpht.com/wvzh3hasBTo_fHZRQPAlx-UowKuxL7lVeCf2rm_ZDQceJRlqvkE-6LlPAM-0QmWUYf4j=h310
Hot Girls Slot Machine Pokies,https://play.google.com/store/apps/details?id=com.proactiveapps.girlsandthecity,https://lh3.ggpht.com/4v-kgtdf8iy87Ia4BqkvaWHVtJ4wk-_u1WUA9b4tdxWJhs5X8rOSJpZU-pjEFj5tN-o=h310
Gladiator Slot Machines Pokies,https://play.google.com/store/apps/details?id=com.proactiveapps.gladiator,https://lh4.ggpht.com/91TMszGDRBMDNyb9qx06eWCYrbu13Dub1si2GWJoYvrTNM-6A49X8y9ujMCb2t9G9J8=h310
Zombie Die Hard,https://play.google.com/store/apps/details?id=air.timuzsolutions.zombiediehard,https://lh3.ggpht.com/-d8p5VIOnl1GYI1pdGRnfqq6X3-uwLgRDnlsLgBq60GaLH8y9yEBsGfn0Ve6zmwSjOUQ=h310
League of Shadows,https://play.google.com/store/apps/details?id=com.playcomo.leagueofshadows,https://lh4.ggpht.com/_cZdjOOaYMDZhoIvQkANGcQY7HpFut61eqIz5jj54vle-JVRs-T52Y2KF6_5-0oOZ_I=h310
Disney Movie Quiz,https://play.google.com/store/apps/details?id=alpha.android.disney,https://lh5.ggpht.com/qffKvOirQsA8UwkocohmmIkcgVNlRH5-T4EUOM3I8TDixBmaFUzJzbrtmcJk2eTzbg=h310
Zombie Sniper Shooter,https://play.google.com/store/apps/details?id=com.tapinator.zombie.sniper.shooting,https://lh4.ggpht.com/Ix4pZt0qX6cF1g0991nXr34ZzLr-ZVow6kOQ4UYz0LwLkhHPEsFhI-7esI7V0PXD3HE=h310
Cute SpongeBob Puzzle,https://play.google.com/store/apps/details?id=com.game.csb,https://lh6.ggpht.com/NdDkDpW1MVH7yKHtpoLnvV12E-Gr6enzwcHe0_CCzxhH8mUhh2bs_IQvJoWS3oKxRLzy=h310
Alien Poo,https://play.google.com/store/apps/details?id=com.gamesweplay.AlienPou,https://lh5.ggpht.com/MCju0I3aF6sQx4znh_zzuqyqpnT6H368UpSP7hpvpmSN1yIIJv2hZBPUwyrix60_1g=h310
Shiver: Poltergeist CE,https://play.google.com/store/apps/details?id=com.bigfishgames.shiverpoltergeistgoogfree,https://lh6.ggpht.com/n_T1EVUwkSKa1wu994nPv1YJmchGjozQoeVQu-Jd9UJA7KNUbIdgraTd8GMSBtF8TNE=h310
격추왕 for Kakao,https://play.google.com/store/apps/details?id=com.weme.dogfight,https://lh5.ggpht.com/mAD6MkKQ85fvBr3pi9CLDm280gXoYC9wPneJIOxgZ_v1qcJ-uxDBBfODs8Q9BtrTrg=h310
Temple Raider Run,https://play.google.com/store/apps/details?id=com.mcapturep.templeraiderrun,https://lh4.ggpht.com/MoSqwtNffewma892i64Tj0GTR8WQ6Zjn1-r8lYE2fQc3zc-_4kON6J3dPf8hVSN1UkE=h310
Hidden Object Halloween House,https://play.google.com/store/apps/details?id=air.com.tamalaki.halloweenhousefree,https://lh5.ggpht.com/t_tE3v6EgigRHVv5iJpcKsIcalyhrOHzkXAFxK2pBmRt72d3zoqJBzq3ZBrhRT6eyHvY=h310
Dental Implant Surgery,https://play.google.com/store/apps/details?id=com.lcbs.dentalsurgery,https://lh4.ggpht.com/xGhZQc1nQhpCcNaNauyINK5Do8sX5Fd4n6qVcAH5ahtBJFWsO_u4oVpZt2l01oIobF80=h310
Blu Slider Puzzle Free,https://play.google.com/store/apps/details?id=com.blustudios.sliderpuzzle,https://lh4.ggpht.com/0BYJlHJK1wfiOeRhY79xBvpW53NF5JrfSmHIba1dF56wAiZn8gLojZnOMomuVKbqlf1C=h310
Army Champion,https://play.google.com/store/apps/details?id=com.armychampion.october,https://lh5.ggpht.com/1M24rHYvfdr3oYZlWvUOeLflmT3JNTYVYq3o4Yc0R7Mdeg4KF1VE_phUZl-JN-gznrxW=h310
Death Hunter,https://play.google.com/store/apps/details?id=com.EasyJoy.DeathHunter,https://lh4.ggpht.com/ZbmcJSETmwhOWrRZM6bC5SEwgF5QP92woVNRAwgEKFk-qXrYln31eZic89sFXT6BtA=h310
Celebrity Baby Doctor & Nurse,https://play.google.com/store/apps/details?id=com.beansprites.celebritybabynurseFREE,https://lh3.ggpht.com/mhTtqMzXOrntSGu3hVw0o4UtMVyJ8es38fkR7Jln9LlXH9zzFppGn9mqOzxv6rabWw_X=h310
Spy Camera Incognito,https://play.google.com/store/apps/details?id=com.SpyCameraIncognito,https://lh3.ggpht.com/QeJv5Ot2CLi1ZtYX6yoAh7a5A8tPFU-xmFGdbkxJfsFXwzqZVygczDSPkQufyc-8MQ=h310
Candy Mania,https://play.google.com/store/apps/details?id=com.game.casual.candymania,https://lh6.ggpht.com/0mdJ1eQNxQsuwCEaQWTjMyPts9fsbbGWZJtJX9ptLZ_bwuusMoycX2QNlLcOHqDEIg=h310
Emergency Landing Disaster,https://play.google.com/store/apps/details?id=com.dmtsource.emergencylandingdisaster,https://lh3.ggpht.com/9K8gKFPEgor-8QCrZAVAucwk1F17WkIIPdMyYRhgNyKuLBCe0zvrD1u1w3K2Ch7ysTE=h310
Where's My Water 2 Walkthrough,https://play.google.com/store/apps/details?id=com.dropboxusercontent.dl.wheresmywater2walthrough,https://lh4.ggpht.com/Xqs_DVJnKzzoC3Wkb6cpbOlm9S1eILn0Edwok5djpAtm1KYvW8S8yqZZyLWWgIGlDlQ=h310
Color It - Colormania,https://play.google.com/store/apps/details?id=com.randomlogicgames.colormania,https://lh3.ggpht.com/GcQJhMWv6JY8Kui9gEF8Fz9kCpTlS_n2P4-f2hJAKl8oIE2n2Kcwi6VI5Mk7zgfb5TA=h310
Perfect Parking,https://play.google.com/store/apps/details?id=com.Ampliant.perfectparking,https://lh5.ggpht.com/Ae7tU4KH37onkAMi1kFoYh3QRQIWBR7Z-h_gCpzpuj1Trop920d2b0iS66mX23Ie25g=h310
Triple Frenzy Slots - FREE,https://play.google.com/store/apps/details?id=com.gamefever.slotfever2,https://lh5.ggpht.com/fVTuGzvu9Z0kDYGbfQONHXljxHa5tn-W-fSnmjGUB9Rn_-fpFxw2CtDXIZde2dYv=h310
Nose Job - Surgery Games,https://play.google.com/store/apps/details?id=com.girls777.nosejob,https://lh3.ggpht.com/QXml2JL7X6FMM0-q8Fr4_jdVQzDo_6c5It8urHd5kVciQuI31V_dh4nvONys01AjgQ=h310
Critical SWAT strike,https://play.google.com/store/apps/details?id=com.Company.CSWATstrike,https://lh6.ggpht.com/_DenwgqnT45LbDlNiLVsW4pOrIP3vdS7UhnVd8_pusbJWqpvZV7jH0YBDeF_9zoCSw8=h310
Despicable Me New Cheats,https://play.google.com/store/apps/details?id=com.tcdmobil.desmecn,https://lh6.ggpht.com/KoJYjNopExb1-H5uXOd4KSWlBFrlQ2YHoxzOsQv638MGWn74Op4jaAv_GHFkZVUPjrM=h310
iSnipe:Z (Beta),https://play.google.com/store/apps/details?id=com.raptor.trinity.isnipez,https://lh4.ggpht.com/Kz2rn5oi2phMrGEweG1OlciYvWBZUVSLSI1-05LgKpZ1TFYwMNacMAPIYWDcA7wjnSA=h310
Pharaoh's Escape,https://play.google.com/store/apps/details?id=air.com.mobestmedia.pharaohsescape,https://lh3.ggpht.com/6G7iVij1hKFeaVm2b-QYZXiyS81DtknssyrfazLe7EqXung0uoNoagvFIvE8TItrnBg=h310
Forest Mania: Match 3 Game,https://play.google.com/store/apps/details?id=com.zegame.erasegame,https://lh5.ggpht.com/caaA1W1xHl1ooA8qKL-lIj8zXT_AFpeTGwxUe9dxlD4B8xu-p9hE8f3Ox249Bp2DAQ=h310
Age of Enigma,https://play.google.com/store/apps/details?id=com.bigfishgames.google.aofefree,https://lh3.ggpht.com/JuNaPEYmOoUu17_zGJHRnUVCISk1cRxZOkCOUTNvAMp9PhPxMKHNy6MXeinvVC3FE1M=h310
deer 2013 hunter,https://play.google.com/store/apps/details?id=com.deerhunter2014.deer.hunter,https://lh4.ggpht.com/bnCboVNvhOmh_wfPw3-MfwlIp_lfV3exMQbnD3X4jI5FGakMWXl47R3s9frcOBUimrA=h310
Super Model Adult Strip Show,https://play.google.com/store/apps/details?id=com.hunterapp.hunter,https://lh4.ggpht.com/FPyQKwF_Sgxuptpp8haZnfHBikRKrCDvFlFR034gH2h2nuTlv9IrBMUdkA451yolyf8=h310
Dead Defence,https://play.google.com/store/apps/details?id=com.playflock.walkingdead,https://lh6.ggpht.com/IWTZAzXCHVT3swj4bE--NJgS8MPi2aNBMyuqrjQ1Ft5mXrhfzqriWufNyFXz53gRZcE=h310
Mind Blaster,https://play.google.com/store/apps/details?id=com.cataclysmicdev.mindblaster,https://lh5.ggpht.com/jh20XEWbnyxQ1PtQPEJw5smrDO1lU5ZAHz3k5kcR4rQwdz83Nw2hD8vLt_bDGZF6k-w=h310
Zombie outbreak car parking 3D,https://play.google.com/store/apps/details?id=com.vg.halloweenparking,https://lh4.ggpht.com/elR7U9JvaCfdVloIa9ar9kQcAi-00bh4zKDowqrvjBHt7MP4mrYXQ9TympGZ4cNrALDI=h310
Slots Battle,https://play.google.com/store/apps/details?id=air.com.spicerackmedia.slotsblitz,https://lh4.ggpht.com/OpbSTHPEQT6wfK-f1Z7_mOZv9hGNxwtMJ01-u5tbRN561a65Z13-SdlNNYJ4sMUcCBI=h310
Vinnie Shooter,https://play.google.com/store/apps/details?id=com.lindagames.vinnieshooter,https://lh4.ggpht.com/jtbFOFWvtSgxad8Nfx1YbHGD19yf4ys0Q5pU0jIngEe2V8Uh5KqlHsE4JpXF7Qrl-A=h310
Celebrity Pet Vet Doctor FREE,https://play.google.com/store/apps/details?id=com.detentiongames.celebritypetvetfree,https://lh4.ggpht.com/W7IZCtxAsHlVVgcRQasTHvtoYR7D75h7_J8DyrfsXDk4sarHJiO5RHW4H8li7LD0hMQ=h310
Dragon Simulator,https://play.google.com/store/apps/details?id=com.topgames.dragonsimulator,https://lh5.ggpht.com/S64_HRCchppY7yZ6AsyW8-XMg0frqRbhAhjPWaPTx26y8nhoCZbkNfA6Ytz-r6vHmss=h310
Combat Monsters,https://play.google.com/store/apps/details?id=com.rubicon.dev.combatmonsters,https://lh4.ggpht.com/R8V4zOnh7DoKs6us3WCzWxZ46fHCI9vX7lRLGLte7X3WCejyPFHkdz9OrCVQVABCap0J=h310
Halloween Make Up,https://play.google.com/store/apps/details?id=com.girlsgames.halloweenmakeup,https://lh5.ggpht.com/Mt92tWXKB3qbMMYagvwvuMOhgp5OgJBHdTejNCXXK68Dy_xeDYnZgHXwDrZGDmzUCbR5=h310
Knocked up? - Pregnant?,https://play.google.com/store/apps/details?id=air.com.ldevelop.knockedup,https://lh6.ggpht.com/s9iEYAGR4B3HldqBeKfF1CiUfrMAoif0S6IYA628MBMHG_g_nuzAVg5OeFT2ZMX35w=h310
Bart Simpson - The Surfer,https://play.google.com/store/apps/details?id=com.blustudio.bartsurfer,https://lh6.ggpht.com/1E3X2lWZZ2744_haq2XpVaE5yQwXhA8tBtN4BbqRJ-tc-QKXeolye2vviZ3x04Mvqik=h310
Crazy Shooting: Killing Spree,https://play.google.com/store/apps/details?id=com.seloniagames.SNRnew,https://lh5.ggpht.com/S9SmlTI3JV9fzKnIPESE7ZJA-v2B_DR_67syiwyrzLJqItld6BAenHO575yDNSnA-Lw=h310
Police Parking Prison 2,https://play.google.com/store/apps/details?id=com.pooandplay.policeparkingprison2,https://lh5.ggpht.com/yyLnVUvhp_SwEzTwSORNAE9zok6eizNsyTDzzCQDNVBExI33_zIL_5XzSC7xnv9fOg=h310
Wuzzit Trouble,https://play.google.com/store/apps/details?id=com.innertubegames.wuzzittrouble,https://lh5.ggpht.com/cwvoiv_F6btKH6uzh_kSH6tTY2pgJUVVxaHHhcyDxvPu-Bk4EikgyH9izBecg013M3I=h310
Sniper - Zombie Killer,https://play.google.com/store/apps/details?id=com.bunbo.SniperZombieKiller,https://lh5.ggpht.com/TyJklOAdVRaD9T3BtYrJ4Q-UBdgkDFh_vEwrdolI5g4k5JapO-hasDoDVhe98xjngqg=h310
Moy - Virtual Pet Game,https://play.google.com/store/apps/details?id=com.frojo.virtualpet,https://lh6.ggpht.com/i8jnDTpEd3QEUUW2Dm9RtSHLs_K6pjpN8MrNPDg0eddNZqUdkDjoC6Z0ulv1wGUq6w=h310
SkySwings,https://play.google.com/store/apps/details?id=jp.oridio.skySwing,https://lh6.ggpht.com/Dix3fLpS7-h-myCm1EG0d0Tyo8gckDM58oqqMQJxY2OzhWWxRGvFyt4O-4IL5Ud5NQ=h310
What's Missing??™,https://play.google.com/store/apps/details?id=com.sixwaves.missing,https://lh3.ggpht.com/OO_Qx-gk-fQ2t9Ge5tuw0PzIm1VycAfhTT-PWfzcQBwJ4rMdIu6uwCyvOB0UKMb5MQ=h310
FMX Rider : Stunt Biker,https://play.google.com/store/apps/details?id=com.minifactory.fmxrider,https://lh5.ggpht.com/-6ft2bDWxOON5ZOB4H_jHus6XZTpd-zFm-gIK_lLYcFyWkDllKZyt4Cv4z-t2dlNYg=h310
AnimeFight: Naruto Edition,https://play.google.com/store/apps/details?id=com.ks.narthefight,https://lh6.ggpht.com/VHwaynNB2ZAARjM2R9fTh8EuovvBdkp5rIonwIWsYURD-MMG2cv8I7J6kYiFih6sti4=h310
렛츠피싱 for Kakao,https://play.google.com/store/apps/details?id=com.weme.fishing,https://lh6.ggpht.com/w2jcuvn3rXMq196AF7YLoIiG1mZkk8ZS-xOfvPPJpCau4LMmMpBVEFJgqWN65c0D-qY=h310
Jake and Neverland Pirate Game,https://play.google.com/store/apps/details?id=memory.game.jake.ario.setyo,https://lh6.ggpht.com/YQfdk3Dp6jDyUIvDZlTdob4AbTBMHXgzXgiFCgDxg3n88B4duee6m6NL6H0cITtQOzU=h310
The Racing Deluxe,https://play.google.com/store/apps/details?id=com.tianshu.JustRacing,https://lh3.ggpht.com/pBWz1SLSdvObCHYqUXwpPkP7o20tExvfD6h9TseQbMX0Z8rO0DIZttooCQJBM8YFZocB=h310
Icon Pop Song Guitar,https://play.google.com/store/apps/details?id=com.brookesiagames.gsguitar,https://lh5.ggpht.com/_0Wr7qnw-u4SyjIogd3wI8edf3qIzZwPbKIM-iQCvWSkouH7u7nF6kH0x3Vay8YsyEgd=h310
캐슬 크래시 : Castle Clash,https://play.google.com/store/apps/details?id=com.igg.castleclash_kr,https://lh3.ggpht.com/SPzRrAu6L_TaxuOL3az4VA7yiJWhZaXWFG7CvPnGK-psb9cPD_tYsbQQkCxA0aBWzQ=h310
Burn - Word Scramble,https://play.google.com/store/apps/details?id=com.synapse.android.burn,https://lh5.ggpht.com/Je_gNFn8wJFh1oW2tNhMRhcflMKle7_OG-n4F-kimMlUWlLDHkMXcKAdTl06BXaX_A=h310
Army Academy - Alpha,https://play.google.com/store/apps/details?id=com.moxygames.armyacademy1,https://lh6.ggpht.com/lQkuq9E_nh90Mfz4AU_d0-mP3CrCraEa4hngA73-MbD6W3-5AXnX_qMoY-CFgTKNvNdw=h310
Gem Gem Blitz - Match 3 Game,https://play.google.com/store/apps/details?id=com.nurigames.threematch,https://lh4.ggpht.com/RQpWhNW6fLaU3lHdrbKKN1sCVtl3lSE9GMwyjHWiCY56OAM2DRa28OLX1YRhvua9D4w=h310
타이니팡2 for Kakao,https://play.google.com/store/apps/details?id=com.com2us.tinypang.kakao.freefull2.google.global.android.common,https://lh5.ggpht.com/luQzHQaQtHzhjWDvUZuWjxWjQs-Qk9ek1iL0vOvlgd3StNlm5TZFB_MMFG9al1Kkyg=h310
Baby Nurse - Kid Hospital FREE,https://play.google.com/store/apps/details?id=com.beansprites.babynurseFREE,https://lh6.ggpht.com/EYBiRn-Rmlz7dkmR0ISNtTHur6R-uQ6sOUElL2_6OHKsVAzpWOroRMElrgXstyo4juM=h310
One direction - dressup game,https://play.google.com/store/apps/details?id=air.OneDirection,https://lh5.ggpht.com/LM0-1LJ7-1MAkm-igarHGi6f1nohNiRjg4Ur9dtgobbNiOGCA5TUPmscWO7wA-zTFozW=h310
Lost Jewels - Match 3 Puzzle,https://play.google.com/store/apps/details?id=net.peakgames.lostjewels,https://lh4.ggpht.com/4hLyDkWIY8i88eghXMUkdQRAxhiWqKYuqxStc8QJvlZjTnL5hB4oAR4MZ90uD_3_J2w=h310
Bus Racing 3D,https://play.google.com/store/apps/details?id=com.timekiller.busracing3d,https://lh3.ggpht.com/_fcRdSTBjlXQlfyWJIHJMZs7LRWwMqwzNa8PEBIjEasT7zheee1rU7FZaNziL78xnhE=h310
Halloween Vampire Dentist,https://play.google.com/store/apps/details?id=com.fungames.halloween.vampire.dentist,https://lh3.ggpht.com/ta4wzxIU0aSaynPepphPhOqPF8Eyt06hbRe8T3Od0z7qdYHlCnt1Pwgy9KHRZ_sn4xw=h310
Kizi,https://play.google.com/store/apps/details?id=com.funtomic.Kizi,https://lh5.ggpht.com/L8oMese8B7KKEIyqmcU42WbiZIPjdGbatgvGvHDTH2SEZnBn0QY68DYIP3KMTFK7tTM=h310
Monster Mash Saga,https://play.google.com/store/apps/details?id=com.hovelgames.monstermash,https://lh4.ggpht.com/rfOTo1xmU9tj1AMlh5LleG7hk9ElabGc9eIOHufMq6CsPDUNT1UWdeiSuevoGi-MiLo=h310
HELLO HERO™,https://play.google.com/store/apps/details?id=com.fincon.globalHH,https://lh3.ggpht.com/QigZZtOn4BxBiBzhFcaO0tr6CPfRErMTdXedOcH_PvA-SmjcO8wqxdMlMbOvCoiwhOts=h310
Juegos de Futbol,https://play.google.com/store/apps/details?id=juegos.de.futbol.gratis,https://lh5.ggpht.com/Uiaf-kA_1_mxeuLJh-JeopHyi_YJP3rBGDNFwJGjQCMqTRTYsPPlMzIGn38G8PsAgQ=h310
Slot - Pharaoh's Legend,https://play.google.com/store/apps/details?id=com.hanamobiles.slotlegend,https://lh3.ggpht.com/cc-ztLyTVKvQhtXd90AXbs8a0RPN_flV3oMa8MK0l__ptK9kwMFA0HOqrFRIln_Gzk_R=h310
Ultra Guide 4 GTA V & GTA 5,https://play.google.com/store/apps/details?id=com.socialzoid.ultragtaguide,https://lh5.ggpht.com/YkeHDXwKPqIJwUnV0yW4nrgyzRp3U61BoXPHh6w1Yd1hk6-_-qnKe558JVEO3tkgW-M=h310
Wordle Free,https://play.google.com/store/apps/details?id=air.com.differencegames.wordlefree,https://lh5.ggpht.com/RD6dbO3uR9dHClu0IpAjPPE-lUAV-8lCIBJGbmwu4HmBbGAMYu1UJC9Hj6JS5hEPq5rr=h310
Extreme Racing,https://play.google.com/store/apps/details?id=com.lindagames.extremeracing,https://lh5.ggpht.com/YHZ-nPs202HwoHli8S3XLpEaFU_uEXS21KceFVWwRAKYIOJApB4GBHUQ3m03BbwNjZc=h310
Pony Land,https://play.google.com/store/apps/details?id=com.frismos.ponygame,https://lh6.ggpht.com/YNhMWEmFVHVtb0Bl70c4hDKAIZOwAwa_WniHd4lh3lTATgnTV8Y6PJfCAwvfp55332U=h310
DEER HUNTING SEASON 2014,https://play.google.com/store/apps/details?id=com.unityappsdeveloper.deer.hunter.kiat,https://lh6.ggpht.com/yHi2azLeKpgs0T1jeupvKbzsChYweBSwHH9CIVRhKXvm9qaqAMyDBUlpzRfNC05UQxY=h310
Pimp My Ride,https://play.google.com/store/apps/details?id=com.jayaraman.games.pimpmyride,https://lh6.ggpht.com/1XMypEBTWSa1o4jAyXDJX5SHXQ6vGt0BYGm9k_GtfGfb_oOuxO3yy7kK-i7i5mKREY4g=h310
3D Jungle Runner : Racing Game,https://play.google.com/store/apps/details?id=com.rayapps.junglerunnertwo3d,https://lh5.ggpht.com/JmWesXMrPgcSDrYhTE4AVPdKHrEuPTgjp7Q5rYqCg5xlgFrv6I76dr-mUmmARgPxmA=h310
Peppa Pig jigsaw puzzle,https://play.google.com/store/apps/details?id=pepa.jigsaw.puzzle.kids,https://lh6.ggpht.com/zE8W7RUVX40GBsxJ4gUH8jDo8pWsonY1zztDWX_jTDVznB5rJNMxK7wq6KbPYr9M3W0=h310
Candy Dash,https://play.google.com/store/apps/details?id=vimapservices.candy.dash,https://lh5.ggpht.com/A7JHvagksxz3ulm3-WEi-OCiG58qrBDrgUMVVNoQEtgq7dkEt6iu095g-rNRvE51qzw=h310
Badminton Smash 3D,https://play.google.com/store/apps/details?id=com.giraffegames.badminton,https://lh4.ggpht.com/ItrMQfV7tncgvBCbZX7Hyk8Hg-2QM1q-p6GSXNciAJHcaudSPJy60BoYI6Z6b3mtRA=h310
Farm Story: Thanksgiving,https://play.google.com/store/apps/details?id=com.teamlava.farmstory31,https://lh3.ggpht.com/ib0z4nP5QmYr3EiMrUVc3P65A1wNorVYtUBosL_KE6ynnozJe3RhBMs6CXpnFstIR0iO=h310
Zombie Burger Salon,https://play.google.com/store/apps/details?id=com.oas.zombieburgersalon,https://lh6.ggpht.com/u4b5nZJA6xc8Kt1ytoCpBb-7mfAJjKtEEU2yyzPCJ7PkU0AMKUqLPRcJIrRCgZn85Lo=h310
Bingo bash free,https://play.google.com/store/apps/details?id=com.a1200598540526b75f75f6977a.a23598718a,https://lh4.ggpht.com/RrB9tH7lqW0KJpvSkbEbdpksWIc9aTi04Gu72ftpvVn9qk14jhPRwdhei183IO_qFoT2=h310
Princess Sofia Games - Puzzle,https://play.google.com/store/apps/details?id=com.games.princesssofia,https://lh6.ggpht.com/duqdxE6FHK6rwGZ5VO39Ytq2ZOp0LCa5Wl5eoo7DHs5I42H-x_a5_LIGl3-fy8fQbkIF=h310
Halloween Witch,https://play.google.com/store/apps/details?id=com.mobilerise.halloween.witch.game,https://lh6.ggpht.com/G3DF0ZSNqvsl3Iyis4Lu-xnV2OmiK3eiv5jHkOVfLTvLaSn8hIOeSi--sqvOzpykRQ=h310
The Raid Of Wolves,https://play.google.com/store/apps/details?id=com.dafeimobile.tldhden,https://lh4.ggpht.com/eEyZ1sgOz3kV_6H4f_gEf7Tc5meUIXEHq4qV2EaFfzqZUs6PZ_iggf4aVHGl1rjWStkt=h310
3D Racing Games,https://play.google.com/store/apps/details?id=nar.racing.apps,https://lh4.ggpht.com/MvrYg5GPOJPmsmLGwPu3cCGMfyIsLBuOECN8vYNaizL3JT-3XBT1IRXefOCgowoHh-w3=h310
Ice Age:Yacht Racing,https://play.google.com/store/apps/details?id=com.hottap.YachtRaching,https://lh6.ggpht.com/3NABCDOfYzXyD4SfEbQ-DQOrcEJKIT3kmFYOwkttiY7uAHCaWuuPQBm2VxhhYBoRcw=h310
Hair Expert,https://play.google.com/store/apps/details?id=zjgame5.hair.expert.funnygame.three,https://lh4.ggpht.com/IRSFx7bs6-Dlqmz3u2GaTK6xMlGJ5fG4UyBjkZCn00sJ58pX1UX0oPJgWO-fD3HKAA=h310
princess nail spa for girls,https://play.google.com/store/apps/details?id=com.princessNailsSpa,https://lh6.ggpht.com/QdKPc5WUxl9XWanXeToO3SlborFYixtnJ0bwZ7gVme7lq1aZK6pw-sMMwWwU249PsJ0L=h310
BINGO SLOTS Multiple Reels VIP,https://play.google.com/store/apps/details?id=com.gamblekings.bingoslotsm,https://lh4.ggpht.com/eIYVOHLkC7PT7Sb0s5Miv-WFhsumEHtlCjls1cpWU2Riem5Gpyhrj3IUdBuQuc2HFUM=h310
Lost in the dark,https://play.google.com/store/apps/details?id=com.rtrgames.lostinthedark,https://lh6.ggpht.com/MK-SYuFJS_LISCJAryXsBE6ViDdWhJ4sOYndej0avX7C0YV312_FK4PVg3yNv1A-vhk=h310
Speed Up,https://play.google.com/store/apps/details?id=com.speedup.october,https://lh5.ggpht.com/abYJPW0rKebQ4G9hntCnyjjeF6gb1Da3-6RJ6O8vQE7Mjy-eCUrcK7gX-xKNG--eSSkn=h310
Doc McStuffins Game,https://play.google.com/store/apps/details?id=com.doc.mcstuffins.memory.game,https://lh3.ggpht.com/TqYmbO143qrNA4x9mgqhqPyrk7wxg3BEqGPHXdCJbQD0J25JtUKYINY4BIBPqVyL2A=h310
HALLOWEEN BINGO 2 Spooky Fever,https://play.google.com/store/apps/details?id=com.gamblekings.halloweenbingo2,https://lh4.ggpht.com/5qnoxdywcZ6hDqq0J3Uw_rgCqm8aXQFrcMys-HGnYQnGbtYXidb9hvpp0Tw8sD_706Y=h310
Hotel Transylvania Puzzle,https://play.google.com/store/apps/details?id=com.gaspacho.transylvania,https://lh3.ggpht.com/sfwVWMVHXN39oykZtlmbavuNhiciydFYlg3dGym0jIXfHrnU39oRRJ8mOvtvxtKm-BQ=h310
Nylon Guitar Sound Plugin,https://play.google.com/store/apps/details?id=com.perfectpiano.keyboards.nylonguitar,https://lh6.ggpht.com/FRk6SBC0tmOX1PJLV0TxD4f8BruR6HKsNjv-KQNfxhUKLHmH-4uPjGi33L53p-VcDH4=h310
Doll House Makeover,https://play.google.com/store/apps/details?id=com.nuttyapps.doll.house.makeover,https://lh3.ggpht.com/qPLpKq_J4isfOuzC-mCRlEf8b3Edevu-OsJH3dO4YjXpLfRcUYkfdUKudbMvb_RtTV8=h310
Flick Lacrosse LITE,https://play.google.com/store/apps/details?id=com.carlosunseri.flicklacrosselite,https://lh5.ggpht.com/2uTvqebxgFw9W2M0Phnw5ZPTFk0QOerCCt_B_a4x7utgH31MwPrP3_NyBoMSAJe0uLk=h310
Gibbets 2,https://play.google.com/store/apps/details?id=com.herocraft.game.free.gibbets2,https://lh6.ggpht.com/MIvTvHtqdla0uw9mBr9T24tlkbteV0VqHy5pKrBRPuNjTEv34Ae0Zh3gDpA8k84TM8Y=h310
Wingsuit - Proximity Project,https://play.google.com/store/apps/details?id=com.autonoma.proximityproject,https://lh4.ggpht.com/8JEVtp4I2fDM75aL4IqL7xOSFClG077siNwY2eO_YRp-u5b40Heu0AvKeyTp5VFruns=h310
히어로스리그,https://play.google.com/store/apps/details?id=com.weme.HeroesLeague,https://lh4.ggpht.com/2CVkjpwqp0tb3cc3S5ZR7zu8LsfWDdmH487xeYB1ijHwVCtyMOtUCqZsbJOKHPYMXBc=h310
Halloween Jigsaw Puzzle,https://play.google.com/store/apps/details?id=com.titan.tphalloween,https://lh5.ggpht.com/m9Ppt44dsU26pH54ep1on_UmxxcqdY4hKP8X6FoHf0oQBBC4-d-om1KSZo7WLVc90-Y=h310
Arrow Craft,https://play.google.com/store/apps/details?id=com.timekiller.arrowcraft,https://lh4.ggpht.com/rYvoJgSah8BBSCUiGDhZjXSdP7WOAqsEvDNCnEi2INybQ8Sop8KtHOusyHGORjfRpk8=h310
Car Wash and Spa,https://play.google.com/store/apps/details?id=air.carwashandspa,https://lh3.ggpht.com/5PKa__8kRvl7CuvKd-d-2BetgrOUtkFijSTMY9slf8VLpVq8cP2ZDC9ycYRaYN37dw=h310
Pet Spa Salon: Safari,https://play.google.com/store/apps/details?id=air.com.arpamedia.petspasalonsafari,https://lh6.ggpht.com/AcajXtPeKI58fn54ABUbGsfAiT1F9oVjOdkd2nie9EkyWlUKIwlvteetKP6PmdipfD1E=h310
Minion Cheats,https://play.google.com/store/apps/details?id=com.st.miniontrucos,https://lh5.ggpht.com/vhErqnYqT_9DkBbQZ0ME0j0RLkS4Mp5c5FAIpJ8Vci9IXqTRTawWSjxA4A1Jji-q8X8=h310
Little MERMAID Dress Up Salon,https://play.google.com/store/apps/details?id=com.playink.littlemermaid.dressup,https://lh6.ggpht.com/ra8tqpk-KSSmgFo6s1BBFljFHmATnzESf5aUkSa48ra34hvYI1n8z9QQ34MtSTmKtY4=h310
Particle Arcade Shooter,https://play.google.com/store/apps/details?id=com.dianoxgames.particle,https://lh4.ggpht.com/bkGYH6eA4eZgG46GlfGULf4AIsovJnVSMa9oZcOXpgLQR4uYHliYbk3R_7d-qK3X-w=h310
Spa Salon Halloween,https://play.google.com/store/apps/details?id=com.girlsgames.SpaSalonHalloween,https://lh6.ggpht.com/nj8bEhOdeGqPDTQVp-6KiDF4eqXfJQ0fJQiXHMO8QerAuiHIZKehaHguWULqoHiXYw=h310
Jake&Neverland Pirates Memory,https://play.google.com/store/apps/details?id=newmatching.game.jake.fun.play,https://lh5.ggpht.com/gtu3wxSGCyHD1Wr6tgJVEOxgO3sDngIhA-tHzJGn_TdKRKVyBqZBc7KGgPj27NKAZbE=h310
Make fun of Classmate,https://play.google.com/store/apps/details?id=com.myerskater.classmate,https://lh3.ggpht.com/Gc-kopmGGFASYHtfKtA8v2dijBwaeCqnEQwmsq5QF06FlK_ssTUxWf-BaZGexTtCFPw=h310
Moto Racer 15th Anniversary,https://play.google.com/store/apps/details?id=com.microids.google.MotoRacer15thFree,https://lh3.ggpht.com/1Vn6tOcwysPWvDSY4p3xCx3tWINR1ucdk4pCFaBm8j06r8iMYoL7ZHquHCl4FyXAlpI=h310
Halloween Pumpkin Maker Salon,https://play.google.com/store/apps/details?id=com.playink.pumpkin.maker,https://lh6.ggpht.com/mzpSzKyGG25kT2U5-bZo4g--_Nzj-haCN6S4j-xdf6WHkYKWRlRwJ90D7mstaqueSM4=h310
MotoGp 3D : Super Bike Racing,https://play.google.com/store/apps/details?id=com.cogsoul.motogp,https://lh5.ggpht.com/1_cGk1OYWNXG6JAxogq8TARUR4PtRDuuTIWj18dYojvlQunTHqCpz1qnGLs7VmPKDJo=h310
Deer Hunting Prey gun hunt,https://play.google.com/store/apps/details?id=com.martinternet.deerhuntingprey,https://lh3.ggpht.com/Oq4a-pdHWFsLA1-7tkXjAaic6BAr8-Ur6ODBA_XGh0sdlstkaq_dQv3v4vVBLptZgQyk=h310
Neptoon's Net - Free Play,https://play.google.com/store/apps/details?id=com.MagicInkGames.NeptoonsNetFreePlay,https://lh4.ggpht.com/uGnUG1r2Jmq-hSVXSLABGyu6XTf-RtTansQiobBu8NDV-z1ImqLBveKPHSHXwmT41g=h310
Bubble Shooter Halloween,https://play.google.com/store/apps/details?id=bubbleshooter.halloween,https://lh5.ggpht.com/ny5yLlWVjTblMjSQXvdg-9H4aWSNR0qnHGygHnsF4ehyYGRQJDMbCaiQ9a2EGm-hX-Y=h310
Season Match 2,https://play.google.com/store/apps/details?id=com.bigfishgames.season2googfree,https://lh4.ggpht.com/D_xs_VshElCHky6Q_IYs9rLnO7ksBZGF9TmyjPQOJOUeiH280Dx1WXVTEO2aF8IUvQ=h310
Super Herobriness World Lite,https://play.google.com/store/apps/details?id=com.daringookim.SuperHerobrinessWorldLite,https://lh6.ggpht.com/Im281OiUuv1z4ZW9LzwN5pUebgeY6HiSyUyQITl_AFSp4M_tdesbhfvOBUvyPKtyNwTm=h310
Desserts cooking games,https://play.google.com/store/apps/details?id=pri.cornellapps.juegosdecocinarpostres_006,https://lh3.ggpht.com/slyB8POKOzgGuvZlbmRl3iyExOybJ-_lL-TucVQZGER2A3YzfMC4A2TqZ7Q0fCYc8Zo=h310
Trivia Crack,https://play.google.com/store/apps/details?id=com.etermax.preguntados.lite,https://lh5.ggpht.com/GFKw5PwJozwOYi27nai2C_1nfoJcYys8n_kVG6f0C-BZs8GYtex69Ebzz5ZaQBtrpQ=h310
Mega Driver,https://play.google.com/store/apps/details?id=com.games2win.megadriver,https://lh3.ggpht.com/heVZTF1ChlgihDWjtCvUJzKzn2K2UmzRZ4dK1vl4i15hEi8SrhqjhyJsEjhewHEFttWE=h310
Minion Rush Game,https://play.google.com/store/apps/details?id=minions.despicable,https://lh3.ggpht.com/E8p60Znsn0vUJQotrtWJDgnsCJfS95Loj3w5R6Ni0EwX4LQzlMVPKpnujfgy2lS5fiE=h310
Scontro di Regni: Castle Clash,https://play.google.com/store/apps/details?id=com.igg.castleclash_it,https://lh5.ggpht.com/Y-0lCSJj-nC7EGPJ6Je0ZaXfR67ApeH3CHwxWDsISU7shnVw2m1nRxlHN4K_TvNTTlE=h310
Airport 3D Jet plane parking,https://play.google.com/store/apps/details?id=com.vg.jetfighterparking,https://lh3.ggpht.com/1MvYKgOFQ0oWT7Usur7ad_6H2yYf_xaDTfimpaLIxu8dDOg3eykkwjp1bFsl1FfkfA=h310
Animal Hospital - Kids Game,https://play.google.com/store/apps/details?id=com.arthisoft.animalhospitalforkids,https://lh4.ggpht.com/6nkliKF5lpu2asJH74NkmHVY4dg98S06JtlNLwrQEIHwIB7BZdDhalEhnW6da1cmHqM=h310
